:020000040800F2
:100000006828002001010008113C00080938000898
:100010000D3C0008690900082D40000800000000A0
:10002000000000000000000000000000E53E0008A5
:100030003D0A000800000000153C0008E93E0008E9
:100040001B0100081B0100081B0100081B01000820
:100050001B010008193C00081B0100081B010008D7
:100060001B0100081B0100081B0100081B01000800
:10007000250A0008310A00081B0100081B010008BE
:100080001B0100081B0100081B0100081B010008E0
:100090001B0100081B0100081B0100081B010008D0
:1000A0001B0100081B0100081B0100081B010008C0
:1000B000F13E0008FD3E0008093F00081B01000852
:1000C0001B0100081B0100081B0100081D3C000863
:1000D0001B0100081B0100081B010008214000084B
:1000E0001B0100081B0100081B010008DFF80CD0F1
:1000F00000F018FC004800476164000868280020F0
:100100000648804706480047FEE7FEE7FEE7FEE7B1
:10011000FEE7FEE7FEE7FEE7FEE7FEE7ED3E00084E
:10012000ED00000840EA01039B0703D009E008C97D
:10013000121F08C0042AFAD203E011F8013B00F8AC
:10014000013B521EF9D27047F0B480EA0102D40F8D
:100150004200B2EB410F02D20246084611464A0065
:1001600042D0C30DDDB2C1F3C752AD1A202D35DA2E
:10017000C1F3160141F4000204B15242C5F1200658
:1001800002FA06F12A411044B3EBD05F23D0C4B188
:10019000012DA0EBC35009DCF0BC4FF0004202EA95
:1001A000C352DBB200F5000000F092BA400000F14B
:1001B000807000EBC350A0F1807040EAD17049001C
:1001C00009E0490841EAC071A0EBC35000F5000006
:1001D000400800EBC350F0BC00F071BA614201224C
:1001E00002EB4101001BF6E7F0BC704781F00041D3
:1001F000AAE780F00040A7E780EA010210B502F00C
:100200000043400022D04A001FD0010E01EB1261D2
:10021000C0F35600C2F3560240F4000042F400025C
:10022000A0FB022000047F39140400D0401C50EAD7
:10023000124001D44000491EC2B20C0604EBD0109B
:10024000401C4008802A02D003E0002010BD20F0AE
:100250000100002900DA0020184310BD30B480EA04
:10026000010202F0004530F0004221F0004013D0BE
:1002700090B1C30DD40DC2F31601C0F31600E41AF9
:1002800041F4000140F400027D34914201D3641C2A
:1002900000E04900002C02DA30BC002070474FF427
:1002A00000000023914201D3891A034340084FEA1A
:1002B0004101F7D151B1914202D14FF0004105E027
:1002C00002D24FF0010101E06FF0010103EBC450D5
:1002D000284430BC00F0F3B92DE9FE4F804681EA96
:1002E0000300C00F0C46009021F0004123F00045B0
:1002F000B8EB0200A94105D24046214690461C4673
:100300000B46024623F00040104347D0270DC7F3A9
:100310000A00C3F30A510290401A019040286BDA98
:10032000C3F3130040F4801B0098924620B10023D1
:10033000D2EB030A63EB0B0B01985946C0F1400264
:10034000504600F09BF906460D4650465946019A24
:1003500000F0A3F910EB08006141002487EA115274
:1003600084EAE7731A4340D0009A62B3019A012AE3
:100370004FEA075215DC001B61EB02014FF000420F
:1003800002EA0752CDE90042001C41F580113246D5
:100390002B4600F0DAF903B0BDE8F08F4046214665
:1003A000F9E7001B61EB0201001C41F58013001806
:1003B0005B412018A2F5001747EB030140EAD57016
:1003C000B6196D4111E06D084FEA360645EAC07571
:1003D0004FEA0752001B61EB0201001C41F580113E
:1003E00049084FEA30000019514132462B4603B00C
:1003F000BDE8F04F00F09AB90098012240000023B8
:10040000D0EB020263EBE073009821464FEAE07400
:10041000B8EB000061EB0401E9E783F000435BE720
:1004200081F0004158E72DE9FE4F81EA030404F012
:10043000004421F0004100944FF0000B23F00043F2
:1004400050EA01045ED052EA03045BD0C3F30A54BD
:10045000C1F30A552C44A4F2F3340194A0FB0254D6
:10046000C1F3130141F48011C3F3130343F4801368
:1004700001FB024400FB034E840A970A44EA8154BC
:1004800047EA8357A4FB076802958D0A05FB078599
:100490004FEA932C04FB0C542705029D4FEA0658A3
:1004A00047EA1637B5EB08056EEB070C870E920E80
:1004B00047EA811742EA8312A7FB0201B6EB0B0160
:1004C00064EB00042B0D43EA0C335E1844EB1C5024
:1004D000DA465146E7FB0201C5F313044FEA0B333A
:1004E00043EA14534FEA0432019C43EA0603A4F1A1
:1004F0000C040294009CCDE900B400F026F903B08E
:10050000BDE8F08F00200146F9E7002801DBC0F1CB
:100510000040002901DBC1F10041814201D30120EB
:10052000704700207047002801DBC0F1004000291F
:1005300001DBC1F10041814201D901207047002057
:100540007047C10F80EAE0700844CA079623002173
:1005500000F0BEB896230022114600F0B9B800F0B2
:10056000004220F00040C10DC0F3160040F400002E
:100570007F2901DA00207047962903DCC1F196013A
:10058000C84001E096398840002AF4D040427047C4
:1005900000F0004230F000400AD0C10D01F560715A
:1005A000C0F3160042EA0151C208400711437047E8
:1005B00000200146704701F0004330B421F00041B3
:1005C00050EA010206D00A0DA2F56072C1F31301D0
:1005D000002A02DC30BC00207047440F44EAC1040A
:1005E000C100E01830BC00EBC25000F068B830B574
:1005F0000B46014600202022012409E021FA02F5E1
:100600009D4205D303FA02F5491B04FA02F528447A
:10061000151EA2F10102F1DC30BD2DE9F05F0546A7
:10062000002092469B4688460646814640241BE0B1
:10063000284641464746224600F086F953465A4628
:10064000C01A914110D311461846224600F016F800
:100650002D1A67EB01084F4622460120002100F0C9
:100660000DF817EB00094E41201EA4F10104DFDC58
:10067000484631462A464346BDE8F09F202A04DB1F
:10068000203A00FA02F1002070479140C2F12003A5
:1006900020FA03F3194390407047202A06DBCB175A
:1006A000203A41FA02F043EAE07306E041FA02F32D
:1006B000D040C2F1200291400843194670470029FA
:1006C000A8BF7047401C490008BF20F001007047D8
:1006D00010B4B0FA80FC00FA0CF050EA010404BF38
:1006E00010BC704749B1CCF1200421FA04F411FA8E
:1006F0000CF118BF012121430843A3EB0C01CB1DD2
:100700004FEA00614FEA102042BF002010BC704742
:1007100000EBC35010440029A4BF10BC7047401C1C
:10072000490008BF20F0010010BC704710B5141E2E
:1007300073F1000408DA401C41F1000192185B419A
:100740001A4301D120F0010010BD2DE9F04D924671
:100750009B4611B1B1FA81F202E0B0FA80F2203288
:100760009046FFF78BFF04460F4640EA0A0041EA35
:100770000B0153465A46084313D0114653EA010071
:1007800019D0C8F14002504600F0DEF805460E468A
:10079000504659464246FFF771FF084305D00120F5
:1007A00004E020463946BDE8F08D0020054346EAC6
:1007B000E0762C4337430A986305E40AA0EB08006F
:1007C0000022FD0A44EA47540A3002D500200146BF
:1007D000E9E7010510196941DDE90845001969419A
:1007E000BDE8F04DA2E72DE9F04D81EA030404F0E5
:1007F000004B21F0004514464FF0000A23F0004161
:1008000050EA050220D054EA01021DD0C5F30A5770
:100810000246C5F31303C1F31300C1F30A5640F4B3
:10082000801543F48013A7EB0608101BD64608F288
:10083000FD3873EB050002D308F1010801E09218BE
:100840005B41B8F1000F03DA00200146BDE8F08DEE
:1008500000204FF48011064684460EE0171B73EB10
:10086000050705D3121B63EB050306434CEA010C95
:1008700049084FEA300092185B4150EA0107EDD178
:1008800052EA030012D082EA040083EA0501084319
:1008900005D0101BAB4106D20122002306E0002246
:1008A0004FF0004302E06FF0010253101AEB060014
:1008B0004CEB085110EB0A0041EB0B01BDE8F04D89
:1008C000FFF734BFC1F30A52C1F3130140F2FF3303
:1008D00041F480119A4202DA00200146704740F24A
:1008E00033439A42A2F2334202DC524200F02CB867
:1008F000FFF7C4BE30B5041E71F1000404DB4FF0F5
:100900000044404264EB0101141E73F1000405DB56
:100910001C464FF00043524263EB0403994208BF68
:10092000904230BD064C074D06E0E06840F0010300
:1009300094E8070098471034AC42F6D3FFF7DAFB8F
:100940001498000834980008202A04DB203A21FA81
:1009500002F00021704721FA02F3D040C2F12002D8
:100960009140084319467047FEE700002DE9F04F1B
:1009700081B004464668B0F9000090460D46A66076
:10098000FFF7DFFD2946FFF731FC3146074660607F
:10099000FFF72CFC61698346E0603846FFF72CFCCA
:1009A000FFF7F6FDA26981468A4638461146FFF7F1
:1009B00023FCFFF7EDFD054627F000400E46FFF74C
:1009C000E7FD02460B4628463146FFF72CFD4A4616
:1009D0005346FFF781FCE26905460E46584611462C
:1009E000FFF70AFCFFF7D4FD02460B4628463146C6
:1009F000FFF772FC0546266A40460F46FFF7A1FD49
:100A000001463046FFF7F8FBFFF7C2FD02460B46F2
:100A100028463946FFF760FCFFF7CDFD206101B0A5
:100A2000BDE8F08F42F26020C2F2000000F08CB806
:100A300042F2A420C2F2000000F086B87047000025
:100A4000EFF3108072B600BFFEE70000014690F899
:100A50002100022816D10868D1E90FC3026822F0EC
:100A60000E020260026822F001020260012000FA18
:100A700003F2CCF8042081F821000020002281F844
:100A800020207047042088630120002281F8202064
:100A90007047000080B590F82110022924D1026827
:100AA000116821F00E0111602F211368C4F20201B8
:100AB0008A4240F20401C4F2020123F001031360F0
:100AC00016DD3023C4F202039A421DD04423C4F23F
:100AD00002039A421CD05823C4F202039A421DD149
:100AE0004FF4803322E000BF04218163012080BDE8
:100AF0000823C4F202039A420ED01C23C4F202035C
:100B00009A420BD1102311E04FF480730EE000BF26
:100B10004FF480530AE000BF012307E001F1680CA5
:100B20004FF08073624508BF4FF480130B600121C2
:100B300080F82110426B002180F820100AB1904704
:100B40000021084680BD000010B5D0E90FCE016835
:100B5000DCF800300A6823FA0EF35C072AD512F09D
:100B6000040427D00A68920603D40A6822F004021B
:100B70000A602F22C4F20202914240F20402C4F23F
:100B800002025BDD3023C4F20203994272D0442397
:100B9000C4F20203994273D05823C4F2020399426B
:100BA00040F07A804FF480231360C16A002940F03E
:100BB00098806FE09C0727D512F0020424D00A68C1
:100BC000920606D40A6822F00A020A60012280F81E
:100BD00021202F22C4F20202914240F20402C4F208
:100BE00002023BDD3023C4F20203994260D0442369
:100BF000C4F2020399425FD05823C4F2020399421F
:100C000060D14FF4003365E01B0743D512F00802B2
:100C100008BF10BD0A6822F00E020A60012101FA25
:100C20000EF2CCF80420816380F82110016B0022C1
:100C3000002980F8202054D12CE000BF0823C4F202
:100C40000203994222D01C23C4F20203994223D109
:100C500040231360C16A002943D11BE00823C4F27A
:100C6000020399422CD01C23C4F20203994229D1D9
:100C700020232FE04FF480631360C16A89BB09E031
:100C80004FF480431360C16A59BB03E0042313602F
:100C9000C16A31BB10BD00BF02F168044FF0806330
:100CA000A14208BF4FF480031360C16AC9B9F1E7DC
:100CB0004FF400730EE000BF4FF400530AE000BF92
:100CC000022307E002F168044FF00073A14208BF5D
:100CD0004FF400131360816A0022002980F820205D
:100CE000D8D0BDE810400847014600284FF0010069
:100CF00008BF70472DE9F043D1F800C04FF6F873F4
:100D0000CBF6FD734CF6CD426344CCF6CC42A3FB4C
:100D100002236FF0030707EA93030027C4F20207D8
:100D200001F10C09C1E90F730223D1E9012E99E801
:100D30007002D1F81C8081F82130DCF8003043F6D5
:100D4000F077BB431A4342EA0E0222432A4332435E
:100D500042EA090242EA0802CCF8002000228A6333
:100D600081F8210081F820200020BDE8F043704781
:100D7000F0B590F820C0BCF1010F32D04FF0010E59
:100D800080F820E090F821C0BCF1010F26D14FF08F
:100D9000020C80F821C04FF0000CC0F838C0D0E938
:100DA00000C4C56AC66BDCF80070102C27F0010780
:100DB000CCF80070006C0EFA00F070600846CCF8B9
:100DC000043004BF10460A46CCF80800CCF80C20CA
:100DD000DCF8000045B140F00E000DE0002180F885
:100DE00020100220F0BD00BF20F00400CCF800006D
:100DF000DCF8000040F00A00CCF80000DCF800004D
:100E000040F00100CCF800000020F0BDB0B5044671
:100E100000F026F9054640F26800C2F200000078B2
:100E2000611C18BF044400BF00F01AF9401BA04227
:100E3000FAD3B0BD2DE9F04F82B041F20042C4F2C6
:100E400001020E680423904208BF0323002E009382
:100E500000F0F68040F2004C4FF6FF7E0022C4F214
:100E6000010C0124C1F2100E4FF0000A4FF00009EE
:100E700047E000BF012502F00C040F27A7402BEA32
:100E8000070705FA04F43C4343F82640D1F804B0C0
:100E900040F20C455FEACB23DCF8083054BF23EA6C
:100EA000080343EA0803C4F20105CCF808302B68B4
:100EB0005FEA8B2454BF23EA080343EA08032B604C
:100EC0005FEA8B34DCF8043054BF23EA080343EABA
:100ED00008035FEACB34CCF80430DCF800304FF084
:100EE000010454BF23EA080343EA0803CCF80030A6
:100EF0000E680AF1010A36FA0AF302F1040200F060
:100F00009F8004FA0AF816EA080FF1D04B6873457F
:100F100012DC122B56D8DFE803F0350B4549555546
:100F200055555555555555555555554D510000BFBD
:100F3000D1F80C9046E000BF4FF6FF75C1F22105D5
:100F4000AB420FDC0025C1F21105AB421AD00025DF
:100F5000C1F21205AB4215D00025C1F22105AB420A
:100F600010D02FE00025C1F22205AB420AD00025A7
:100F7000C1F23105AB4205D00025C1F23205AB42CA
:100F800020D100BF8B684BB1012B14BFC0F8148077
:100F9000C0F810804FF0080914E000BF4FF00409BA
:100FA00010E000BFCB6803F108090BE04FF0000927
:100FB00008E000BFCB6803F1040903E0CB6803F14C
:100FC0000C0900BF13460546BAF1080F24BF203BA9
:100FD00004352E680F279F40BE4309FA03F33343BD
:100FE0002B60CB79DB067FF583AF41F21804C4F2A6
:100FF000020423684FEA9A0643F001032360236842
:1010000040F6000403F001030193019BACF57E73ED
:1010100053F826B0C4F20104A0420FD040F60044B9
:10102000C4F20104A0423FF425AF41F20004C4F22F
:101030000104009DA04208BF02251CE700251AE715
:1010400002B0BDE8F08F00008068084018BF0120A2
:1010500070470000002A08BF0904016170470000C2
:1010600042F26040C2F200000068704740F268003F
:1010700042F26041C2F20000C2F2000100780A6848
:10108000104408607047000080B542F20000C4F2CE
:101090000200016841F010010160032000F092F8A5
:1010A0000F2000F005F800F027F8002080BD0000B8
:1010B00070B540F26806C2F2000640F29C01327838
:1010C000C2F200014FF47A730968B3FBF2F20446EE
:1010D000B1FBF2F1084600F0E5FD0F2C4FF00105E1
:1010E00008D838B94FF0FF3021460022002500F023
:1010F0003DF87460284670BD80B582B041F218009A
:10110000C4F202000168002241F00101016001689F
:1011100001F0010101910199416841F08051416064
:101120004068002100F0805000900098052000F0F9
:101130001DF8052000F00AF80420C4F2010001683F
:10114000022262F31A61016002B080BD002848BF2C
:10115000704700F01F01012202FA01F14EF2001265
:101160004009CEF2000242F82010704710B54EF64A
:101170000C5CCEF2000CDCF80030C3F3022E8EF0D3
:101180000704042C28BF0424BEF103034FF0FF3EE4
:101190000EFA04F438BF0023A14399400EFA03F37A
:1011A0009A43114300F00F02043A624409010C32E1
:1011B00000F16043B0F1FF3FC8BF03F56442117016
:1011C00010BD00004EF60C51CEF200010A684FF639
:1011D000FF031A4060F30A2242F0806040F0FD7085
:1011E000086070472DE9F04381B0002800F0858049
:1011F00042F20008C4F202080446D8F800000D4686
:1012000000F0070088420CD2D8F8000020F0070058
:101210002843C8F80000D8F8000000F00700A842F2
:101220006BD1206841F204098107C4F2020917D585
:10123000410705D5D9F8001041F4E061C9F8001064
:10124000010705D5D9F8001041F46051C9F8001024
:10125000D9F80010A26821F0F0011143C9F800107C
:10126000C00741D1D8F8000000F00700A8420CD90F
:10127000D8F8000020F007002843C8F80000D8F88C
:10128000000000F00700A84237D12068410707D5C9
:10129000D9F80010E26821F4E0611143C9F80010A8
:1012A000000708D5D9F80000216920F4605040EA11
:1012B000C100C9F80000D9F8002002F00C0008288D
:1012C00041F20020C0F27A0050D149F2E473C2F337
:1012D0008341C0F60003595CD2033BD440F60010B2
:1012E000C0F23D00484341E0606802280AD001286E
:1012F0002AD159F8041C890308D4012001B0BDE8A3
:10130000F08300BF59F8041C8901F6D5D9F8001004
:1013100021F003010843C9F80000FFF7A1FE0646CB
:1013200041F28837D9F80000616800F00C00B0EB9A
:10133000810F97D0FFF794FE801BB842F2D90320AB
:1013400001B0BDE8F08300BF59F8041C8907D4D56B
:10135000DCE700BFD9F8002047F29A73C2F340429D
:10136000C0F600039A5C4843B0FBF2F0D9F80010D5
:1013700047F28272C1F30311C0F60002515C40F2E1
:101380009C0220FA01F140F26C00C2F200000068F9
:10139000C2F200021160FFF78BFE002001B0BDE831
:1013A000F083000040F29C0041F20401C2F2000010
:1013B000C4F202010068096847F29272C1F3022187
:1013C000C0F60002515CC8407047000040F29C002B
:1013D00041F20401C2F20000C4F20201006809688F
:1013E00047F29272C1F3C221C0F60002515CC840BC
:1013F000704700002DE9F04182B0002868D0044613
:10140000007841F20006C007C4F2020625D07068D9
:1014100000F00C0004281BD0706800F00C000828B5
:1014200002D17068C00313D46068002800F068819E
:10143000B0F5A02F00F07C81B0F5803F00F07C81FA
:10144000306820F480303060306820F4802076E10D
:101450003068800301D56068D0B32078800718D544
:10146000706810F00C0F07D0706800F00C000828AE
:101470006ED17068C0036BD43068800702D52069D4
:10148000012825D13068616920F0F80040EAC100E8
:101490003060207800071FD42078400732D4E569F7
:1014A00095B1706800F00C00082840F08F80012D85
:1014B0000ED07068216A00F480328A4208D1616AD5
:1014C00000F47010884203D1002002B0BDE8F08122
:1014D000012002B0BDE8F081A069002862D00020A0
:1014E000C4F242200121C0F88014FFF7B9FD05467F
:1014F000706A800700F18C80FFF7B2FD401B022864
:10150000F6D92AE1F06910F0805808D1F06940F06E
:101510008050F061F06900F080500090009847F230
:101520000007C4F200073868C00529D4386840F4C1
:1015300080703860FFF794FD054600BF3868C0052D
:101540001ED4FFF78DFD401B6428F7D905E100BFCD
:101550002069002840F20000C4F2422000F082809E
:1015600001210160FFF77CFD054600BF3068800760
:101570003FF588AFFFF774FD401B0228F6D9ECE079
:10158000E068002800F08080052800F0978001289E
:1015900000F09880306A20F001003062306A20F05C
:1015A000040092E00020C4F242200021C0F8801420
:1015B000FFF756FD054600BF706A80077FF56CAFE8
:1015C000FFF74EFD401B0228F6D9C6E00027C4F203
:1015D000422700203866FFF743FD022D05460BD158
:1015E0003068800140F1BE80FFF73AFD401B0228C1
:1015F0004FF00300F4D968E7306880017FF564AFED
:10160000FFF72EFD401B02284FF00300F4D95CE7E2
:1016100040F29C00C2F20000006844F6D351C1F2CF
:101620006201A0FB0101480A019000BF00BF0198C0
:10163000411E002801913FF42FAF00BF0198411EC9
:10164000002801913FF428AF00BF0198411E0028F7
:1016500001913FF421AF00BF0198411E0028019184
:10166000E4D119E700210160FFF7FAFC054600BF4D
:10167000306880077FF50DAFFFF7F2FC401B0228B2
:101680004FF00300F4D920E7306A20F00100306207
:10169000306A20F004003062FFF7E2FC054641F2B8
:1016A000883700BF306A800720D5FFF7D9FC401B80
:1016B000B8424FF00300F5D907E700BF306A40F0A9
:1016C00004003062306A40F001003062FFF7C8FC6D
:1016D000054641F2883700BF306A800706D4FFF71D
:1016E000BFFC401BB842F7D937E000BFB8F1000F8C
:1016F0007FF4D5AEF06920F08050F061CFE600BFF6
:10170000306820F480303060306820F48020306011
:10171000FFF7A6FC054600BF306880037FF59DAE4D
:10172000FFF79EFC401B64284FF00300F4D9CCE681
:10173000306840F480203060306840F480303060A1
:10174000FFF78EFC054600BF306880033FF585AE8D
:10175000FFF786FC401B6428F6D9032002B0BDE8E1
:10176000F08100BF206AB0F5803F05D17168A268A2
:1017700021F40031114371607168626A21F47411BF
:1017800010430843706001203866FFF769FC044687
:10179000306880013FF598AEFFF762FC001B02281D
:1017A0004FF00300F4D990E670470000B0B584B064
:1017B000044600684168826812F0400305D112F0C7
:1017C000010518BF11F0400512D1950708D511F099
:1017D000800505D0616C204604B0BDE8B0400847E4
:1017E00012F0600F18BF11F0200507D104B0B0BD92
:1017F000216C204604B0BDE8B0400847BBB194F866
:101800005130032B08D100210291C16802918068F8
:101810000290029804B0B0BD636D43F004036365A9
:1018200000230393C368039383680393039B12F01D
:1018300020020CD0626D42F001026265002201922A
:1018400082680192026822F040020260019A626D91
:10185000002ACBD04268890722F0E00242604FF0B4
:10186000010284F851201FD0416843F6294521F038
:1018700003014160E06CC0F6000538B14563FFF735
:1018800009F918B1606D40F040006065A06C002857
:10189000ACD04563FFF7FEF80028A7D0606D40F09C
:1018A0004000606504B0B0BD204604B0BDE8B04063
:1018B000FFF77ABF70B538B10446406A30B10020F6
:1018C000206104F1140007E0012070BD6068B0F5EC
:1018D000827F03D004F11C00002101600026A66273
:1018E00094F8510020B9204684F8506000F038F890
:1018F000022084F8510094E8071001F48271036813
:1019000002F4044223F040030360236911440CF401
:101910000062114403F002026369114403F0010202
:10192000A369E569114403F40072114405F038021B
:10193000256A114405F08002A56A114305F400529E
:1019400011430160042101EA13414160C16921F49E
:101950000061C1610120666584F85100304670BDA8
:101960002DE9F04186B040F600050446C4F20105B9
:10197000006805F5205100278842049702D006B080
:10198000BDE8F08141F21800C4F20200016802AE25
:1019900041F480510160016840F21C0801F480515B
:1019A000019101990168C4F2020841F0040101604B
:1019B0000068314600F0040001900198A0200290D8
:1019C00002200390032005902846FFF733FA4020B9
:1019D000CDE90207284631460497FFF72BFA42F279
:1019E0006025C2F2000580262846C5E90087C5E9C2
:1019F0000276C5E90477C5E90677FFF775F900288F
:101A000018BFFFF71DF8E5646C6242F2A42508F1E7
:101A10001400C2F200051021002285E84700284684
:101A2000C5E90422C5E90622FFF75EF9002818BFC0
:101A3000FFF706F8232000210022A5646C62FFF75F
:101A400095FB2320FFF782FB06B0BDE8F081000084
:101A50007047000070470000F0B581B0044690F870
:101A60005000012802D1022001B0F0BD012084F80D
:101A7000500094F85160012E0AD100294FF0010066
:101A800018BF002A10D1002184F8501001B0F0BD19
:101A90006068B0F5827F5FD1A06800284FF0020037
:101AA00008BF042EEFD1E8E7002BECD094F85100EA
:101AB0000027254604281CBF052084F8510045F85E
:101AC000547F2163A386E386A263A387E387C4E9E7
:101AD000107794F8511043F6554C43F66543C0F621
:101AE000000CC0F600032668E06C042908BF6346BA
:101AF00043F66D4C43F69551C0F6000CC0F600015C
:101B000008BF614643F6354C00F1280EC0F6000CC4
:101B10008EE80A104763E38F06F10C01FFF728F9FE
:101B200078B92268A06C516841F001015160C0E9A8
:101B30000A77C0E90C77216BE38E0C32FFF718F9B6
:101B400080B1012010212A6811432960002184F806
:101B5000501001B0F0BD00BF0220002184F85010E9
:101B600001B0F0BD25682868400603D4286840F01D
:101B70004000286055F8040F022140F02000286042
:101B80000020E0E770B5044690F85000012804BF3B
:101B9000022070BD012084F8500094F85100012803
:101BA0000AD100294FF0010018BF002A0AD10021F4
:101BB00084F8501070BD00BF0220002184F850103E
:101BC00070BD00BF03200023254684F8510045F86E
:101BD000543F2163A286E286A363C4E91033A3873E
:101BE000E387A0682268B0F5004F07D1106820F0A5
:101BF00040001060106840F480401060A06C43F614
:101C00005D4C43F6155E43F63546C0F6000CC0F653
:101C1000000EC0F60006C0E90AECC0E90C63E38ED2
:101C20000C32FFF7A5F818B1012010210FE000BF1A
:101C300025682868400603D4286840F040002860E2
:101C400055F8040F022140F02000286000202A6887
:101C500011432960002184F8501070BD006843F2E0
:101C60000001C4F20101884218BF704740F2B80079
:101C7000C2F20000012101707047000070470000AF
:101C8000006843F20001C4F20101884218BF7047A6
:101C900040F2B800C2F2000001210170704700005C
:101CA00070470000411E0020B0EB116F1CBF0120E7
:101CB00070474EF21002CEF2000251604EF62351F0
:101CC000CEF20001F0230B70072190601160704785
:101CD0007047000070470000B0B590F83C20012A22
:101CE00004BF0220B0BD01F108053CCDD1E900CE12
:101CF00023F47C5322F470521A432EF4F0431A4317
:101D00002CF4E0431A4324F4C0431A432A43C9691C
:101D100022F48042036811435964002180F83C108A
:101D20000846B0BD10B590F83C20012A4FF00202E1
:101D300033D080F83D200268D2F804E0D2F808C021
:101D40000C682EF07003234340F2FF74C4F20004C9
:101D5000A24253600ADCB2F1804F13D040F200433C
:101D6000C4F200039A420DD011E000BF42F60043D6
:101D7000C4F201039A4205D040F60003C4F2000306
:101D80009A4204D149682CF08003194391600121E3
:101D9000002280F83D1080F83C20104610BD000065
:101DA000002804BF0120704710B5044690F83D009C
:101DB00028B9002084F83C00204600F067F8022093
:101DC00084F83D00206840F2FF730268C4F200030B
:101DD00042F6004C9842C4F2010C15DCB0F1804F81
:101DE0001AD040F20041C4F20001884214D0984257
:101DF00018DCB0F1804F1DD040F20041C4F2000168
:101E0000884217D01AE000BF604505D040F60001B7
:101E1000C4F200018842EAD1A16822F070020A43AC
:101E20009842E6DD604505D040F60001C4F20001AD
:101E3000884203D1216922F440720A43A36922F047
:101E40008001D4F804E0E268194360450160C26291
:101E5000C0F828E002D16169CCF83010012141615D
:101E6000002084F8461084F83E1084F83F1084F86F
:101E7000401084F8411084F8421084F8431084F82C
:101E8000441084F8451084F83D1010BD80B582B030
:101E90000068B0F1804F15D042F60041C4F2010154
:101EA00088420CD141F21800C4F20200016841F4EA
:101EB00000610160006800F400600190019802B0C8
:101EC00080BD00BF41F21800C4F202004168002248
:101ED00041F0010141604068012100F001000090E3
:101EE00000981C20FFF742F91C2002B0BDE880409A
:101EF000FFF72CB990F83D1001291CBF0120704755
:101F0000022180F83D10006840F2FF72C168C4F2FF
:101F10000002904241F00101C16009DCB0F1804F44
:101F200012D040F20041C4F2000188420CD012E00D
:101F300042F60041C4F20101884205D040F600019A
:101F4000C4F20001884206D1816801F00701062928
:101F500004BF00207047016841F0010101600020CA
:101F60007047000080B590F83C20012A4FF0020233
:101F700000F0C28080F83D20D0F800C04FF67772A4
:101F8000DCF8083023EA0202CCF808200B684F2B5B
:101F900028DC1F2B44DD202B45D0302B43D0402B99
:101FA00040F0AC80D1F804E0C968DCF82030DCF8FF
:101FB000202022F00102CCF82020DCF8182022F0AA
:101FC000F00242EA011123F00A0242EA0E02CCF8C2
:101FD0001810CCF82020DCF8081041F0470121F05F
:101FE000300180E06F2B27DDB3F5005F48D0B3F5FB
:101FF000805F7AD0702B40F08180D1E901E3C9681D
:10200000DCF8082043EA0E0322F47F4243EA012170
:102010001143CCF80810DCF8081041F0770162E0B9
:102020000BB1102B6AD1DCF8081021F070011943B4
:1020300041F0070157E000BF502B35D0602B5DD138
:10204000D1F804E0C968DCF82030DCF8202022F068
:102050001002CCF82020DCF8182022F4704242EA6A
:10206000013123F0A00242EA0E12CCF81810CCF88D
:102070002020DCF8081041F0670121F0100132E067
:10208000D1E901E3C968DCF8082043EA0E0322F431
:102090007F4243EA01211143CCF80810DCF8081014
:1020A00041F480411FE000BFD1F804E0C968DCF8CA
:1020B0002030DCF8202022F00102CCF82020DCF8CF
:1020C000182022F0F00242EA011123F00A0242EA4B
:1020D0000E02CCF81810CCF82020DCF8081041F0E3
:1020E000570121F02001CCF808100022012180F8CE
:1020F0003D10002180F83C10104680BD0122F5E71C
:10210000002804BF012070472DE9F04F81B004463C
:1021100090F83D000D4628B9002084F83C00204688
:1021200000F094F8022084F83D00206844F2070291
:10213000816840F2FF73914381600268C4F200033A
:1021400042F6004C9842C4F2010C15DCB0F1804F0D
:102150001AD040F20041C4F20001884214D09842E3
:1021600018DCB0F1804F1DD040F20041C4F20001F4
:10217000884217D01AE000BF604505D040F6000144
:10218000C4F200018842EAD1A16822F070020A4339
:102190009842E6DD604505D040F60001C4F200013A
:1021A000884203D1216922F440720A43A36922F0D4
:1021B0008001D4F804E0E268194360450160C2621E
:1021C000C0F828E002D16169CCF830104FF0010965
:1021D000C0F814908268D0F818E0D0F820C0D5E993
:1021E0000038D5E9027B43EA020AAB694FF6FF717A
:1021F0002EEA010E47EA03234FF6FC47BB43D5E91D
:1022000007724BEA0E012E69194341EA072141EAA0
:10221000061141EA02312CF022026B6942EA0802FF
:1022200042EA0312C0F808A08161026284F8469075
:1022300084F83E9084F83F9084F8429084F843906C
:1022400084F83D90002001B0BDE8F08F10B586B055
:10225000006840F60002C4F200020021904205919D
:10226000CDE90311029137D040F20041C4F20001E0
:1022700088425BD141F21800C4F20200416841F08B
:1022800002014160416801F0020101910199016878
:1022900041F008010160006802A900F00800019007
:1022A0000198302002900020CDE9030040F6004064
:1022B000C4F20100FEF7BEFD0420C4F20100016873
:1022C0004FF2FF32CFF6FF02114041F0E06141F4DE
:1022D000006101601D2421E041F21800C4F20200F7
:1022E000426842F004024260426802F00402019235
:1022F000019A026842F008020260006800F00800DB
:1023000001900198C020CDE9020140F600400491FF
:10231000C4F2010002A9FEF78DFD1E242046002113
:102320000022FEF723FF2046FEF710FF06B010BD87
:1023300080B590F83E2090F83F3090F842E090F859
:1023400043C004290AD0B9B9012A4FF0010208BFDD
:10235000BEF1010F34D0104680BD00BF012B4FF0FD
:10236000010208BFBCF1010FF5D1022180F83F1036
:1023700080F8431000681EE0012A4FF0010208BFF8
:10238000012BE8D1BEF1010FE5D1BCF1010FE2D183
:10239000022280F83E2080F83F2080F8422080F81A
:1023A000432091B10068016A21F001010162016AD4
:1023B00041F00101016210216FF0100209E000BF3D
:1023C000022180F83E1080F84210006801216FF071
:1023D0000102036A1A400262026A11430162016843
:1023E000002241F001010160104680BD70470000ED
:1023F00010B5016804460869800744BFC8685FEAF1
:10240000807039D40869400744BFC8685FEA4070EB
:102410003ED40869000744BFC8685FEA007045D42D
:102420000869C00644BFC8685FEAC0604AD408694A
:10243000C0071CBFC8685FEAC07051D108690006B8
:1024400044BFC8685FEA006052D40869400644BFD0
:10245000C8685FEA406053D40869800646BFC86810
:102460005FEA806010BD6FF0200220460A61BDE87F
:102470001040FFF72FBC00BF6FF002000861012081
:1024800020778869800743D02046FFF7AFFF45E0FB
:102490006FF00400086102202077886910F4407F03
:1024A00040D02046FFF7A2FF42E000BF6FF00800D7
:1024B000086104202077C86980073DD02046FFF7D7
:1024C00095FF3FE06FF01000086108202077C86991
:1024D00010F4407F3AD02046FFF788FF3CE000BF71
:1024E0006FF001000861204600F050FA2168A5E76E
:1024F0006FF0800008612046FFF7EAFB2168A4E73F
:102500006FF040000861204600F0D8FC2168A3E786
:10251000204600F04DF8204600F0C6F92168002062
:1025200020776FE7204600F043F8204600F0BCF922
:102530002168002020776CE7204600F039F820461B
:1025400000F0B2F921680020207769E7204600F00A
:102550002FF8204600F0A8F921680020207766E7D0
:1025600080B586B0014640F60000C4F2010009685B
:1025700000F5105300229942049201D006B080BDAC
:1025800041F21801C4F202010A6842F004020A6032
:10259000096801F00401019101994FF43061029141
:1025A00002210391059102A9FEF744FC06B080BD0B
:1025B000704700002DE9F04390F83C30012B04BF38
:1025C0000220BDE8F0834FEAB202032A3CD8DFE8DC
:1025D00002F003437FB900BF036842F600461D6A5C
:1025E0001A6AC4F2010622F001021A621A465C68F5
:1025F00052F818CFB3428E68D1F800E025F00205FA
:1026000045EA06050CD1CE68D1E9057824F440747A
:1026100025F00C0526F004063C43354344EA080443
:102620002CF0730747EA0E075C609F614F680969E9
:102630005F631D629F6947F008079F619F6927F0EC
:1026400004079F61AEE000BF0121002280F83C201A
:102650000846BDE8F08300BF036842F600461D6AE5
:102660001A6AC4F2010622F010021A621A46D3F85E
:1026700004C052F8184FB3428E68D1F800E025F03C
:10268000200545EA06150FD1CE68D1E905986FF00F
:10269000400707EA06162CF4406725F0C00547EA14
:1026A0008907354347EA880C24F4E64444EA0E27B8
:1026B000C3F804C09F614F6809699F631D629F69E9
:1026C00047F400679F619F6927F480679F6168E016
:1026D000036842F600461D6A1A6AC4F2010622F433
:1026E00080721A621A46D3F804C052F81CEFB34243
:1026F0008E680C6825F4007545EA06250FD1CE6872
:10270000D1E90598360240F2FF47BE432CF440570A
:1027100025F4406547EA0917354347EA081C2EF0BF
:1027200073072743C3F804C0DF614F680969DF639B
:102730001D62DF6947F00807DF61DF6927F00407E2
:10274000DF612FE0036842F60047D3F820C01A6A21
:10275000C4F2010722F480521A621A465C6852F8E9
:102760001C5FD1F800E08E68BB4204D14F6924F4AD
:10277000804444EA87142CF4005747EA063725F4CE
:10278000E64646EA0E265C60DE614E6809691E6414
:102790001F62DF6947F40067DF61DF6927F4806744
:1027A000DF6109021368194311600021002280F8DB
:1027B0003C200846BDE8F083002804BF0120704794
:1027C00010B5044690F83D0028B9002084F83C007C
:1027D000204600F067F8022084F83D00206840F2AF
:1027E000FF730268C4F2000342F6004C9842C4F240
:1027F000010C15DCB0F1804F1AD040F20041C4F258
:102800000001884214D0984218DCB0F1804F1DD0EE
:1028100040F20041C4F20001884217D01AE000BF24
:10282000604505D040F60001C4F200018842EAD1BB
:10283000A16822F070020A439842E6DD604505D0A7
:1028400040F60001C4F20001884203D1216922F45C
:1028500040720A43A36922F08001D4F804E0E268E0
:10286000194360450160C262C0F828E002D1616985
:10287000CCF8301001214161002084F8461084F822
:102880003E1084F83F1084F8401084F8411084F81A
:10289000421084F8431084F8441084F8451084F8FA
:1028A0003D1010BD704700007047000041B108297D
:1028B00010D0042914BF00F1410200F13F020BE0E7
:1028C00090F83E20012A1CBF01207047022280F8A8
:1028D0003E2013E000F140021278012A1CBF0120C3
:1028E00070470222082907D0042914BF80F841202C
:1028F00080F83F2002E000BF80F84020006801F02F
:102900001F010122036A8A4023EA02010162036A6D
:1029100042F64441C4F201011A43A1F14403984232
:1029200002620FD040F2FF71C4F20001884213DC52
:10293000B0F1804F1CD040F20041C4F20001884247
:1029400016D01CE00A6842F400420A6040F2FF71AF
:10295000C4F200018842EBDD42F60041C4F20101FD
:10296000884205D040F60001C4F20001884206D139
:10297000816801F00701062904BF00207047016843
:1029800041F00101016000207047000042F28831EF
:10299000C2F20001884218BF70472DE9F04F81B0A4
:1029A00040F2201AC2F2000ABAF80A0040F2040B00
:1029B0000130C2F2000BAAF80A000BF1080000F087
:1029C00025FF03F049FA0646DAE90A50DAE90C175E
:1029D000FDF7BAFB39460446FDF7B6FB0146204633
:1029E000FDF73CFC0746CAF8380030462946FDF79B
:1029F000FDFB01463846FDF7FFFB2946FDF7A4FB2A
:102A00000546CAF828004FF07E503946FDF7EEFB28
:102A100001462046FDF7F0FBCAF82C002846FDF7DA
:102A20009EFDAAF8160003F043FC40F2C600C2F275
:102A30000000B0F90000FDF784FD40F27001C2F221
:102A400000014968FDF70AFC00210446CAF8240089
:102A500020F00040C4F21631FDF765FDBAF8081009
:102A6000002818BF481C01B2B1F57A7FAAF8080007
:102A7000C4BF01208AF80000BAF91600FDF761FD15
:102A800006462046FDF76BFD40F27805C2F20005D0
:102A9000024628463146FDF769FF2F690026C4F239
:102AA000FA4638463146FDF73EFD38B90026CCF2ED
:102AB000FA4638463146FDF728FD08B937462E61FB
:102AC000DBF800000021C4F28C216FF0DB04FDF77D
:102AD00093FB39460546FDF789FBFDF740FD0646A9
:102AE000ABF81C0028463946FDF72EFBFDF737FDF5
:102AF0008146DC2EABF840000ADDDC20ABF81C0080
:102B0000B9F1DC0F00970DDCA1450CDB0EE000BF36
:102B1000A6426FF0DB00B8BFABF81C00B9F1DC0FC8
:102B20000097F1DDDC24A146ABF8404042F21840AA
:102B3000C2F20000006842F2D032C2F20002416AE2
:102B400012684942536AC3F100080023536243628A
:102B500008B2FDF7F6FC0446DAE90F70DAE9111560
:102B6000FDF7F2FA29460646FDF7EEFA0146304631
:102B7000FDF774FB0546CAF84C0020463946FDF7C0
:102B800035FB01462846FDF737FB3946FDF7DCFAF1
:102B90000446CAF83C004FF07E502946FDF726FB5C
:102BA00001463046FDF728FBCAF840002046FDF7F5
:102BB000D6FCAAF818000FFA88F0FDF7C2FCDAE993
:102BC000152104461046FDF7BFFADAF85C100646F8
:102BD000FDF7BAFA01463046FDF740FBDAF85070CF
:102BE0000546CAF8600020463946FDF7FFFA01465F
:102BF0002846FDF701FB3946FDF7A6FA0446CAF858
:102C000050004FF07E502946FDF7F0FA014630465D
:102C1000FDF7F2FACAF854002046FDF7A0FCBAF816
:102C200004104CF6CD4341F69812CFF6FF7301FB2A
:102C30000322AAF81A0093B29B0843EA823292B2A6
:102C400040F6CC439A420CD80098FDF7A1FC02460E
:102C500098A00B4604F006F9BAF81A00BBF84090A9
:102C600001210131AAF80410DBF844400FFA89F180
:102C700000B2DBF85060081ACBF84840FDF761FC61
:102C800021460546CBF84400FDF7B0FA0446CBF8E0
:102C90004C0030462946FDF757FA44F20007C4F2CB
:102CA0009C6739460646CBF85000FDF73CFC40B91E
:102CB00044F20007CCF29C6730463946FDF725FC0C
:102CC00010B93E46CBF85070DBE916713046FDF77F
:102CD00093FA064638462946FDF78EFA3146FDF747
:102CE00033FADBF86010054608462146FDF784FA02
:102CF0002946FDF729FACBF85400BAF91800BBF9B8
:102D00001C10DBF82040081ACBF82440FDF719FC12
:102D100021460546CBF82000FDF768FA8046DBF82F
:102D20002C002946CBF82880FDF70EFA44F2000764
:102D3000C4F29C6739460646CBF82C00FDF7F3FB3E
:102D400040B944F20007CCF29C6730463946FDF7A3
:102D5000DCFB10B93E46CBF82C70DBE90D71DBF8DB
:102D60003C403046FDF748FA064638462946FDF70E
:102D700043FA3146FDF7E8F9054620464146FDF79E
:102D80003BFA2946FDF7E0F9CBF83000FDF7E7FB09
:102D90009AF800100029BAF8121018BF00200BB2E0
:102DA000C21A652AAAF8100005DB01F1640002B21C
:102DB000D21AAAF8100012F1650FDCBFA1F164006D
:102DC000AAF810004FF2F01501B2CFF6FF75B1F579
:102DD000616FAAF8120005DD4FF46161AAF81010C6
:102DE0000DE000BFA94207DA4FF2F011CFF6FF71F4
:102DF000AAF8105006E000BFB1F1FF3F02DD00224B
:102E000002E000BF4942012242F6344640F6000487
:102E1000C4F20106C4F20104316004F580604FF48D
:102E20000041FEF717F9DBF85400FDF798FB9AF81C
:102E300000100029BAF8141018BF00200BB2C21AF3
:102E4000652AAAF8100005DB01F1640002B2D21A6B
:102E5000AAF8100012F1650FDCBFA1F16400AAF816
:102E6000100003B2B3F5616FAAF8140006DD4FF449
:102E70006163AAF81030012212E000BFAB4207DA0A
:102E80004FF2F013CFF6FF73AAF8105006E000BF20
:102E9000B3F1FF3F02DD012202E000BF5B420022EE
:102EA00020464FF48061736001B0BDE8F04FFEF73B
:102EB000D1B800BF20252E32660D0A0070470000F1
:102EC0007047000070470000B0B582B0044600684B
:102ED0000168C368426901F02F05202D03F0200529
:102EE00006D12DB1204602B0BDE8B04001F018B8BF
:102EF0005FEA017C1EBF02F0010E03F4907212EB38
:102F00000E0255D1226B012A05D111F0100218BF13
:102F100013F0100236D10A0622D513F080021FD01A
:102F200094F84110212941D1A168B1F5805F03D106
:102F30002169002900F07282216A4A1C2262097804
:102F40004160E18C01390A04E1842FD1C16821F08C
:102F50008001C160C16841F04001C16002B0B0BDF4
:102F6000490623D513F0400120D0C16821F040016B
:102F7000C1602021204684F8411002B0BDE8B04075
:102F800000F040BC0021019101680191416801916C
:102F900001994169490600F18F80A18DE28DE38D91
:102FA000002B1CBF891A5FEA01420CD102B0B0BDF0
:102FB000CA0718BF13F4807240F038814A0700F145
:102FC0003B8140E1206850E8030F226820F49070B4
:102FD00042E80303DBB1206850E8030F226820F4C5
:102FE000907042E8030393B1206850E8030F226811
:102FF00020F4907042E803034BB1206850E8030FBF
:10300000226820F4907042E80303002BDAD1206894
:1030100050E8050F226820F0010042E80503DBB10B
:10302000206850E8050F226820F0010042E80503FF
:1030300093B1206850E8050F226820F0010042E8B3
:1030400005034BB1206850E8050F226820F001000D
:1030500042E80503002BDAD1202084F8420000204A
:103060002063206850E8030F226820F0100042E837
:103070000303DBB1206850E8030F226820F0100042
:1030800042E8030393B1206850E8030F226820F060
:10309000100042E803034BB1206850E8030F226898
:1030A00020F0100042E80303002BDAD1022289B29B
:1030B00020466263B4E000BFE16B0A68526893B2D5
:1030C000002B3FF473AFA58DAB42BFF46FAFE28529
:1030D0008969202900F09D8050E8030F216820F4C1
:1030E000807041E80302EAB1206850E8030F2168CC
:1030F00020F4807041E80302A2B1206850E8030F79
:10310000216820F4807041E803025AB1206850E839
:10311000030F216820F4807041E8030212B1206897
:10312000DAE700BF206850E8050F216820F00100B1
:1031300041E80502DAB1206850E8050F216820F067
:10314000010041E8050292B1206850E8050F2168AE
:1031500020F0010041E805024AB1206850E8050F5F
:10316000216820F0010041E80502002ADAD1206838
:1031700050E8050F216820F0400041E80502DAB16F
:10318000206850E8050F216820F0400041E8050262
:1031900092B1206850E8050F216820F0400041E816
:1031A00005024AB1206850E8050F216820F0400070
:1031B00041E80502002ADAD1202084F842000020EC
:1031C0002063206850E8030F216820F0100041E8D8
:1031D0000302DAB1206850E8030F216820F01000E4
:1031E00041E8030292B1206850E8030F216820F003
:1031F000100041E803024AB1206850E8030F21683B
:1032000020F0100041E80302002ADAD1E06BFDF75C
:103210001DFC02206063A08DE18D401A81B2204622
:1032200002B0BDE8B040FFF74BBE00BF626C42F099
:10323000010262644A0706D5BEF1000F03D0626C3A
:1032400042F0020262648A0706D5BEF1000F03D085
:10325000626C42F004026264BCF1000F06D555EACC
:103260000E0203D0626C42F008026264626C002AB3
:103270003FF49CAE11F0200118BF002D03D0204672
:1032800000F04EFE20684169626C01F0400102F0DE
:103290000802891800F0A28050E8030F216820F48A
:1032A000907041E80302C2B3206850E8030F216820
:1032B00020F4907041E803027AB3206850E8030FCD
:1032C000216820F4907041E8030232B3206850E88E
:1032D000030F216820F4907041E80302EAB12068EE
:1032E000DAE700BF206850E8050F216820F00100F0
:1032F00041E80502DAB1206850E8050F216820F0A6
:10330000010041E8050292B1206850E8050F2168EC
:1033100020F0010041E805024AB1206850E8050F9D
:10332000216820F0010041E80502002ADAD1206B73
:10333000012824D1206850E8030F216820F01000F4
:1033400041E80302DAB1206850E8030F216820F059
:10335000100041E8030292B1206850E8030F216891
:1033600020F0100041E803024AB1206850E8030F42
:10337000216820F0100041E80302002ADAD1202061
:1033800084F84200002020632068416949063FD547
:1033900050E8050F216820F0400041E805022AB3FB
:1033A000206850E8050F216820F0400041E8050240
:1033B000E2B1206850E8050F216820F0400041E8A4
:1033C00005029AB1206850E8050F216820F04000FE
:1033D00041E8050252B12068DAE700BF2046FFF756
:1033E00071FD0020606402B0B0BD00BFE06B78B139
:1033F00043F61571C0F600014163FDF74BFB002851
:103400003FF4D4ADE06B416B02B0BDE8B04008477B
:10341000204602B0BDE8B040FFF754BD216A31F844
:10342000022B6FF35F22426021628AE5002804BF0D
:103430000120704710B5044690F8410028B90020DB
:1034400084F84000204600F061F8242084F8410010
:103450002068D4E90212C36823F40053C3600369EF
:1034600023F440531A430261D4E904231143C26890
:10347000194341F20C639A431143C1604169A26947
:1034800021F44071114343F60002C4F2010290425C
:10349000416103D0FDF786FF02E000BFFDF796FF14
:1034A0006268192148439100B0FBF1F048F21F51C6
:1034B000C5F2EB11A0FB01235A096FF0630302FB75
:1034C0000300322303EB0010A0FB0101F02303EA09
:1034D0005113206803EB0212C1F3431111448160C0
:1034E000016921F490410161416921F02A014161A2
:1034F000C16841F40051C16000202021606484F85B
:10350000411084F84210606310BD000070B586B0B1
:1035100040F60044C4F201040068A4F544410026CA
:103520008842049602D006B070BD00BF41F2180078
:10353000C4F20200416802AD41F48021416041685B
:1035400001F4802101910199016841F008010160B5
:103550000068294600F00800019001984FF480604F
:10356000029002200390032005902046FDF762FCA4
:103570004FF40060CDE90206204629460496FDF787
:1035800059FC272000210022FDF7F0FD2720FDF740
:10359000DDFD06B070BD0000704700002DE9F0436E
:1035A00081B0044690F84100202840F0B1800F46D9
:1035B00000294FF0010000F0D0801646002A00F0EC
:1035C000CC804FF0000821201D46C4F8448084F8C8
:1035D0004100FDF745FDA684E684A1680646B1F5E5
:1035E000805F05D12069002814BF3846B8460746D9
:1035F000E18C2068002900F08F8005F101090AE0C4
:1036000047B317F8011B4160E18C0139E184E18C7B
:10361000002900F0818001680906F1D4B9F1000F9A
:103620000AD0EDB1FDF71CFD801BA84218D8206818
:1036300001680906F6D5E3E701680906E0D40168E8
:1036400009065CBF01685FEA0161D9D40168090617
:10365000F2D5D5E738F8021B00276FF35F21D2E7D8
:10366000206850E8030F216820F4D07041E803027D
:10367000BAB3206850E8030F216820F4D07041E805
:10368000030272B3206850E8030F216820F4D07061
:1036900041E803022AB3206850E8030F216820F4B0
:1036A000D07041E80302002ADAD11AE0206850E81D
:1036B000050F216820F0010041E80502DAB1206819
:1036C00050E8050F216820F0010041E8050292B1A1
:1036D000206850E8050F216820F0010041E805024C
:1036E0004AB1206850E8050F216820F0010041E848
:1036F0000502002ADAD1202084F8410084F8420033
:10370000002084F84000032001B0BDE8F08300BF32
:10371000022001B0BDE8F0830168490619D4FDB16B
:10372000691C0DD10168490613D4016849065CBFC4
:1037300001685FEA41610CD401684906F2D508E0EE
:10374000FDF78EFC801BA8420AD82068006840065E
:10375000F6D5202084F84100002001B0BDE8F083B8
:10376000206850E8030F216820F4D07041E803027C
:10377000E2B3206850E8030F216820F4D07041E8DC
:1037800003029AB3206850E8030F216820F4D07038
:1037900041E8030252B3206850E8030F216820F487
:1037A000D07041E80302002ADAD11FE0206850E817
:1037B000050F216820F0010041E80502002A9AD097
:1037C000206850E8050F216820F0010041E805025B
:1037D000002A3FF490AF206850E8050F216820F0E0
:1037E000010041E80502002A3FF485AF206850E857
:1037F000050F216820F0010041E80502002AD5D11B
:1038000079E7000070470000FEE700002DE9F04F67
:1038100081B040F6004541F20407C4F201054DF6BF
:10382000836A8046CEF200070024A5F58066C4F2C4
:103830001B3A4FF0000B048005E000BF01340C2C54
:103840000BF1010B48D00BF0010230464FF4004160
:103850005FFA8BF9FDF7FEFBC9F340022846082109
:10386000FDF7F8FBC9F3800228464FF48071FDF79D
:10387000F1FB4FEAD90228464FF40071FDF7EAFB4D
:1038800040F29C01C2F2000138680968A1FB0A12EB
:10389000910C00BF3A68121A8A420BD23A68121A87
:1038A0008A4207D23A68121A8A4203D23A68121A36
:1038B0008A42EFD330464FF48051FDF7C5FB012813
:1038C000BCD1C4F10B00B8F80010012202FA00F0DC
:1038D0000844A8F80000B1E701B0BDE8F08F00008F
:1038E0002DE9F04F8FB00021054640F8041F0090ED
:1038F0000020C5F80710298809904FF60C70A5F82C
:103900000B00C1F380208DF83100C1F340208DF809
:103910003200C1F300208DF83300C8B2C2098DF81F
:103920003420C0F380128DF83520C0F340128DF89A
:103930003620C0F300128DF83720C0F3C0028DF896
:103940003820C0F38002C0F340008DF83A0001F047
:1039500001008DF83B00012008900C200690FF200C
:10396000059000200B90002004900020C1F3C02897
:103970008DF83920039000264FF000090021002225
:1039800000208DF830800A9007955FFA88F0B0FA31
:1039900080FAD0B3052E05D804980130049028721F
:1039A00004E000BF039801300390687206988B46CC
:1039B00040B28642BCBFEE7206960598144640B2ED
:1039C00086423046C4BF2E730596FCF7BAFD074603
:1039D0000B983946FCF7B8FB0B90686009980130EA
:1039E0000990A872089810F00105294618BF3946B9
:1039F0000A98FCF7A9FB0A90002D18BF0027204663
:103A00003946FCF7A1FB024659464FEA5A1B8EB1D4
:103A100008060FD10CA8304410F8010C50B149EA47
:103A20000B00C0070898079D80EA0B00089005D19D
:103A3000002107E0079D5FEAC97003D088F001000C
:103A4000014401E04FF0000B0CA800EB060A9AF8C5
:103A50000140002CB4FA84F33DD0052ECDE90131AC
:103A600004D2049801300490287203E003980130D6
:103A7000039068720699701C49B2DDF82C90884258
:103A8000BCBFE87206900599904649B28E42A4BF29
:103A900028730590FCF755FD074648463946FCF764
:103AA00053FB0B906860099801300990A872089840
:103AB00010F00105294618BF39460A98FCF744FB67
:103AC0000A90002D18BF002740463946FCF73CFB02
:103AD000DDE90131024608064FEA531908D0BBF16F
:103AE000000F10D1079D4FF000090A2E11D121E0DF
:103AF0000CA8805D0028F2D05BEA0900089880EAF3
:103B00000900089010D0079D84F0010001440A2E9E
:103B100010D09AF8028002365FFA88F00028B0FAD6
:103B200080FA7FF437AF70E70021079D4FF000095E
:103B30000A2EEED1C8B2002818BF012090EA09046D
:103B400012D0E8890B9F013001B20F29E8810EDB0A
:103B50004FF00100E8740AD1A87C0130C1B20329FA
:103B600088BF0020A87402E00B9F0020E881E87C59
:103B700070B3A87C40F2B001C2F200010E5C0025D7
:103B800030464FF00008002E08BF4FF07E55174614
:103B9000FCF7E0FC01463846FCF72EFB07460A9886
:103BA0002946079DFCF728FB3946FCF7CDFA074666
:103BB0000B207043E87228730120A87286F0010080
:103BC00028726E7264B1A5F81080012111E000BF67
:103BD000099948B201280CDA0FB0BDE8F08F00BF98
:103BE000288A013001B232292882A4BF0020E8745B
:103BF000012148B2FCF7A5FC01463846FCF72EFB34
:103C0000009908600FB0BDE8F08F0000FEE70000EB
:103C1000FEE70000704700007047000042F2E82015
:103C2000C2F20000FDF7C2BD406A0021C187C18613
:103C3000FDF7BABD406A01684A6822F003024A6093
:103C4000416D41F010014165012180F85110FDF7EF
:103C5000ABBD0000406AFDF7FDBE0000406AFEF704
:103C60000DB80000406AFEF71BB80000B0B5446A0A
:103C70000546FDF7F5F929680968890644D4034625
:103C80002068A168426822F02002426041B962685F
:103C9000B2F5827F04D1416821F0030141601BE04D
:103CA000426822F0010242606268B2F5827F13D15D
:103CB000B1F5004F02D0B1F5806F0DD10268B1F5BA
:103CC000806F22F04002026006D12046012164226A
:103CD00000F096F830B90BE020468021642200F015
:103CE0008FF828B1606D40F020006065202060658D
:103CF0000020E087012084F85100606D20B120464B
:103D0000BDE8B040FDF750BD2046BDE8B040FDF72E
:103D10009FBE0000B0B582B0446A0546FDF7A0F929
:103D20002968096889062FD40346206864224168FF
:103D300021F020014160416821F0020141602046EC
:103D4000802100F05DF838B1606D40F020006065C2
:103D5000606D40F020006065A06838B900200190D7
:103D60002068C16801918068019001980020E08678
:103D7000012084F85100606D30B1204602B0BDE8EA
:103D8000B040FDF711BD00BF204602B0BDE8B04015
:103D9000FDF764BFB0B5446A0546FDF761F92968CF
:103DA0000968890626D4034620686422416821F008
:103DB000200141602046802100F022F838B1606D7A
:103DC00040F020006065606D40F020006065206874
:103DD000416821F0030141600020E086E087012076
:103DE00084F85100606D28B12046BDE8B040FDF771
:103DF000DBBC00BF2046BDE8B040FDF741BF00007E
:103E00002DE9F04182B01E4690460D460446FDF76E
:103E100027F9301A00EB0807FDF722F940F29C0160
:103E2000C2F200010968C1F3CB31794301912168E5
:103E30008A682A40AA4227D1064618F101001FD0FD
:103E4000FDF70EF9801BB84222D201980199002893
:103E5000A1F1010101912168896808BF074601EAC3
:103E60000500A842ECD00FE088682840A8420BD19A
:103E700088682840A84207D188682840A84203D112
:103E800088682840A842EFD0002002B0BDE8F08149
:103E9000D4E900014268B1F5827F22F0E00242607D
:103EA0000AD1A168B1F5004F02D0B1F5806F03D1FE
:103EB000016821F040010160A16AB1F5005F07D1FE
:103EC000016821F400510160016841F40051016072
:103ED000012084F85100002084F85000032002B033
:103EE000BDE8F08170470000FDF7C0B870470000E2
:103EF00042F28830C2F20000FEF77ABA42F2D030C5
:103F0000C2F20000FEF774BA42F21840C2F200009A
:103F1000FEF76EBA406A0021C185C184FEF7D2BFA8
:103F200081B090F84210222920D18368B3F5805FD8
:103F300008D10169002965D000F128010A680368E9
:103F40005B680AE0014651F8282F13B90369002B7A
:103F5000F5D003685B6803F07F0313700A680132D1
:103F60000A60C18D01390A04C18501D001B07047D2
:103F70000168CA6822F02002CA60CA6822F480720E
:103F8000CA604A6922F001024A61202280F8422078
:103F900000224263036B012B3ED1026351E8031FF1
:103FA000026821F0100142E803130168DBB151E817
:103FB000031F026821F0100142E80313016893B166
:103FC00051E8031F026821F0100142E80313016861
:103FD0004BB151E8031F026821F0100142E80313BE
:103FE0000168002BDAD10A68D20606D500220092B9
:103FF0000A680092496800910099818D01B0FEF72E
:104000005FBF00BF0168826A49686FF35F2122F8D1
:10401000021B8262A5E700BF01B0FFF7BDBA000036
:1040200040F2B010C2F20000FEF74EBFFEE7000003
:104030002DE9F0438BB00D46014601A8144600F06F
:1040400091FE18B10BB0BDE8F08300BFDDE9097146
:10405000DDE901390DF10C0E9EE84440DDE906C8AA
:10406000C5E908710899C5E9003905F1080383E835
:104070004440C5E905C8E961DDE905ECDDE9013742
:10408000DDE90365DDE90789DDE90912C4E90037E7
:10409000C4E90812C4E90265C4E904ECC4E906896C
:1040A0000BB0BDE8F083000010B5D8B10446806BBA
:1040B000C0B1E06BB0B1206CA0B12420207003200F
:1040C000C2F20000A0646069617A0028B1FA81F050
:1040D0004FEA5010E07209D0204600F027FF78B177
:1040E00040B210BDFF2040B210BD00BF47F29C702F
:1040F000C0F600006061204600F018FF0028EFD1F4
:1041000049F29C7049F2CF71C0F60000C0F6000180
:10411000C4E9080141F2081020830720A07640F28C
:10412000A000C2F200000821E065204684F860107B
:10413000BDE8104000F0B8BB2DE9F041002818BFE1
:10414000002903D14FF0FF30BDE8F08104464EF660
:10415000FC50CEF20000026841F2040742F0807287
:10416000CEF20007026057F8040C40F2B80540F0A8
:10417000010047F8040C0020C2F2000538606960B5
:1041800045F6B921C0F6000145F6C93244F2D12303
:1041900004F1380C40F60008C0F60002C0F6000337
:1041A0008CE80E004FF4006140F66026C4F201086E
:1041B000E181C2F20006802160726060606131704E
:1041C0002870404610210022FCF744FF686840F246
:1041D0006022C2F2000231460223FDF73DFC40B9E5
:1041E000287830B9287820B9287810B9287800289C
:1041F000F6D0404610210122FCF72CFF40F29C0132
:10420000C2F20001386809684DF68362C4F21B32BD
:10421000A1FB0212910C4FF47A7251433A68121AC0
:104220008A420BD23A68121A8A4207D23A68121AA4
:104230008A4203D23A68121A8A42EFD32046BDE876
:10424000F041FFF731BF0000B0B58EB0044600204A
:104250008DF8040001A80121224600F0CBFB08B133
:104260000EB0B0BD40F20C20C0F20120CDF8060027
:1042700001A801212246012501F092F80028EFD182
:1042800001A8012122468DF8045000F0B3FB00285C
:10429000E6D14FF40370ADF806004FF48040ADF85E
:1042A0000A0001208DF8080001A80121224601F032
:1042B00077F80028D4D14FF48070ADF802000DF1EA
:1042C00002000221224600F0A3FE0EB0B0BD0000A5
:1042D00041F2040140F29C03CEF20001C2F200035D
:1042E0000A68D3F800C04DF68363C4F21B33ACFBFD
:1042F000033C4FEA9C43584309E000BF0B689B1AFC
:10430000834228BF70470B689B1A834207D20B6811
:104310009B1A834203D20B689B1A8342EED37047E9
:104320002DE9F04FA5B0144602468DF81300002980
:104330004FF0FF0018BF002C04D140B225B0BDE8FB
:10434000F08F00BF207E904214D9A06BC0B1E76B04
:10435000B7B1206CA0B194F847000391012815D1A2
:1043600063680DF113012F200122B847A0724FF4AA
:10437000E17013E0F62040B225B0BDE8F08F00BF39
:10438000FF2040B225B0BDE8F08F00BF63680DF19B
:1043900013012F200122B847A07202206168226C0D
:1043A0009047A07A20B1FE2040B225B0BDE8F08F42
:1043B000E6890F2E00F22481F0071CBF013EE68142
:1043C000039A3023501C00274FF010080DF1140CF5
:1043D0004FF0000E019000BF5FFA88FA1FFA86FBCB
:1043E0005FFA8EF9D34502EB09012FD9A66B002E97
:1043F00058D0E06B002855D0206C002852D0607A4D
:10440000029100281846E17A9B4608BF40F08000E0
:10441000636801EB0A02C0B261467546B047A072FC
:1044200094F847006168226C01284FF0020008BF31
:104430004FF4E1709047A07A002849D0039AFE20FB
:104440005B460DF1140CAE46C0B376E7A56B6DB3B9
:10445000E06B58B3206C48B3607A0291002818468C
:10446000E17A984608BF40F08000636801EB0B02D8
:10447000C0B26146F246A847A07294F8470061684E
:10448000226C01284FF0020008BF4FF4E170904702
:10449000A07A38B3FE20039A43460DF1140CD64699
:1044A00005E000BFFF2048B147E700BFFF2094F8B8
:1044B0000E80C644434400287FF43FAF4744F9B21E
:1044C00010293FF43AAFE689C7F1100884E700BF2E
:1044D000AAF10100032811D200200DF1140CAE4600
:1044E0002DE000BF300449D0ABF1010003280DF1ED
:1044F000140CD64644D2002060E000BF01980AF0B8
:10450000FC0100EB090200200DF1140CAE46E37A29
:10451000161863441B5C06F8013CE37A63440344C9
:104520005B781354E37A634403449B787370E37AB3
:1045300063440344DB7804308142B370E7D11AF05E
:10454000030115D0E27A029D02441CF802200129E1
:104550002A540DD0E27A431C1A441CF80220022986
:10456000EA5405D0E17A023001441CF801102954C4
:10457000039A00205B460028A0D0DEE600208AE7F0
:1045800001982BF0030100EB09020020E37A1618D2
:1045900063441B5C06F8013CE37A634403445B78A4
:1045A0001354E37A634403449B787370E37A63445F
:1045B0000344DB7804308142B370E7D11BF0030180
:1045C00007D0E27A029D02441CF8022001292A54F5
:1045D00004D1039A0020434669E700BFE27A431CF6
:1045E0001A441CF802200229EA54039A434605D0D3
:1045F000E17A023001441CF801102954002056E7EA
:10460000039930201022234600F076F940B225B0FD
:10461000BDE8F08F2DE9F04FA7B00AB38046906B4C
:104620009146B8B1D9F83C00A0B1B8F1000F4FF0F5
:10463000FF0016D08A46D9F8401091B1BAF1000FA8
:1046400000F0268199F847404FF0000B00200294BB
:1046500014E000BFFF2040B227B0BDE8F08F00BFDC
:10466000FF2040B227B0BDE8F08F00BF01204946CF
:1046700000F038FE0BF1010BD345F2D00BEB8B05AC
:1046800018F82510042905D3012C03D10020494630
:1046900000F028FE0106EDD108EB8500017809291C
:1046A0003CD0292940F0FA80051D99F848000021E6
:1046B0008006CDE905110491039163D499F81A207D
:1046C000002A5DD0D9F824000195C2F1000C571ED4
:1046D00000210925431913F8093C292B00F0B98062
:1046E0008F424AD001EB41060644F478292C00F0B1
:1046F000AB800CEB0104A31C3FD0B379292B00F055
:10470000A580E31C39D0435D292B00F0A180043142
:104710008A4205F10C05DDD12FE000BF99F81A207F
:104720000021CDE90911089107914AB300F1040E67
:10473000D9F82400C2F1000C571E002109254319A5
:1047400013F8093C092B4FD08F4216D001EB4106DC
:104750000644F478092C49D00CEB0104A31C0CD0BE
:10476000B379092B46D0E31C07D0435D092B45D014
:1047700004318A4205F10C05E1D1029CF8207FE06A
:10478000F8207DE0D9F8387057B3D9F83C0038B339
:10479000D9F8400020B399F80B0099F80910D9F81E
:1047A000043007AC421C00294FF01E00214608BF10
:1047B0009E20B84789F80A0099F84700D9F80410F4
:1047C000D9F8402001284FF0020008BF4FF4E170F3
:1047D000904799F80A0068B3029CFE2050E000BFA1
:1047E000029CFF204CE000BF764609E0764601318E
:1047F00006E000BF7646023102E000BF7646033194
:1048000001EB410101444878029C8D7807A94A4692
:10481000FFF786FDA0BB07A8405D00F001013170E5
:10482000C0F340017170C0F38001C0F3C200B170E9
:10483000F07024E099F80B00205C410648BF8038F6
:10484000029C28801BE000BF013102E0023100E041
:10485000033101EB410101444878029C8D7803A9A2
:104860004A46FFF75DFD58B903A8405D410652BFB7
:1048700000F07F004FF68071084301990880002006
:1048800001067FF4EEAE012C3FF4F0AE0020F1E61D
:10489000002040B227B0BDE8F08F00BFF82040B242
:1048A00027B0BDE8F08F000010B586B00446B0F820
:1048B0004800800704D4F82040B206B010BD00BF05
:1048C000A06BA8B1E06B98B1206C88B129208DF85D
:1048D000040001A801212246FFF79CFE0028EBD12D
:1048E000BDF80800A4F84400002040B206B010BD96
:1048F000FF2040B206B010BD2DE9F041A0B05BB37F
:104900009C6B1D4644B38846E96B29B3B8F1000F90
:104910004FF0FF011BD017462A6CC2B1697A6E4670
:10492000002908BF40F08000E97A6B68CA19314657
:10493000A04795F8472069682B6CA8720220012ACD
:1049400008BF4FF4E1709847A87A58B1FE2148B2E9
:1049500020B0BDE8F08100BFFF2148B220B0BDE823
:10496000F08100BFA7B3781E032807F0030001D22F
:1049700000211DE027F0030208F10103002100BF20
:10498000EF7A5C1837447F5C04F8017CEF7A374497
:104990000F447F785F54EF7A37440F44BF786770D5
:1049A000EF7A37440F44FF7804318A42A770E7D189
:1049B00070B1EA7A01280A44B25C08F8012007D0F5
:1049C000EA7A4B1C1A44B25C022808F8032005D18D
:1049D000002148B220B0BDE8F08100BFE87A023182
:1049E0000844305C08F80100002148B220B0BDE85E
:1049F000F08100002DE9F04FA3B0DAB18046906B52
:104A00001446002800F08C81E06B002800F08881BB
:104A1000B8F1000F4FF0FF000DD0226C5AB194F89E
:104A20004750002900F082810DF10C0B4FF0000A75
:104A300002913AE0FF2040B223B0BDE8F08F00BF02
:104A400001310DF10C0B4E4601EB41010144487858
:104A50008D7859462246FFF763FC0028EBD1681C8D
:104A6000C0B21BF805101BF80000AA1C60F30A2155
:104A7000E81C7180D1B2C0B21BF801101BF8000015
:104A80002A1D60F30A21681DD2B2C0B21BF80220B1
:104A90001BF80000019D60F30A22B180F2800298A9
:104AA0000AF1010A824500F0418134220AFB02F03A
:104AB00018F800100AFB0286032901D8022908D140
:104AC000012D06D10020214600F00CFC0028B2D1B7
:104AD000317809294FF0F800ADD8B146DFE801F090
:104AE000084282060606060606E800BFA3E700BFE6
:104AF000A76B002F00F01481E06B002800F01081FC
:104B0000206C002800F00C81E07A617A6368821CD6
:104B100000294FF04000594608BFC020B847A07296
:104B200094F847006168226C01284FF0020008BF2A
:104B30004FF4E1709047A07A002840F00D81E07AB0
:104B4000B11C0BEB00021BF800005278C309337153
:104B5000C0F3021300F00F00087002F003004B7066
:104B6000C8709CE7A76B002F00F0DA80E06B00288C
:104B700000F0D680206C002800F0D280E07A617AC4
:104B80006368821C00294FF04200594608BFC220CA
:104B9000B847A07294F847006168226C01284FF072
:104BA000020008BF4FF4E1709047A07A002840F05F
:104BB000D380E07AB11C0BEB00021BF800005278A6
:104BC000C3093371C0F380134B71C0F3011300F0BC
:104BD0000F000870C2F3C000C87002F007004B70ED
:104BE000B0715CE7A76B002F00F09A80E06B0028A3
:104BF00000F09680206C002800F09280E07A617AC4
:104C00006368421C00294FF06B00594608BFEB2037
:104C1000B847A07294F847006168226C01284FF0F1
:104C2000020008BF4FF4E1709047A07A002840F0DE
:104C30009380E07AB71C1BF800002146C0F34010B7
:104C40003870384601F098FB00287FF4F4AE2E4609
:104C5000A56B002D64D0E06B002861D0206C00288B
:104C60005ED0E07A617A63680DF10C0B421C00297A
:104C70004FF04400594608BFC420A847A07294F8DA
:104C800047006168226C01284FF0020008BF4FF412
:104C9000E1709047A07A00285ED1E07A35461BF893
:104CA0000000010900F00F0089F808107871F6E69D
:104CB000627E0020002ACDE90500049003903FD0D9
:104CC000206A0195C2F1000CA2F1010E0021092514
:104CD000431913F8093C092B3FF4B6AE8E452FD08B
:104CE00001EB4103C618F378092B3FF4A9AE0CEB96
:104CF00001039F1C24D0B679092E0DD003331FD099
:104D0000435D092B0AD004318A4205F10C050DF1EF
:104D10000C0B4E46DCD113E0023192E6033190E6F3
:104D2000FF2040B223B0BDE8F08F00BF012D0DD1B0
:104D30000120214600F0D6FA40B223B0BDE8F08F42
:104D4000F82040B223B0BDE8F08F00BF002040B291
:104D500023B0BDE8F08F00BFFE2040B223B0BDE815
:104D6000F08F0000F0B5A7B030B30D4621B3AE6BA5
:104D700016B30446E86BF8B1286CE8B1E87A697AB2
:104D80006B6807AF00F1180203200029394608BFFD
:104D90008320B04795F8472069682B6CA8720220E1
:104DA000012A08BF4FF4E1709847A87A40B1FE206D
:104DB00040B227B0F0BD00BFFF2040B227B0F0BD29
:104DC000E87A01AE391830461822FBF7ABF93046C5
:104DD00021462A4600F004F840B227B0F0BD00009A
:104DE0002DE9F04783B0002A00F09A80936B002BE6
:104DF00000F09680D36B002B00F0928000294FF0DA
:104E0000FF0300F08980166C002E00F08580437847
:104E10006F460B7683784B76C3788B760379CB76A7
:104E200043790B7783794B77C3798B77037ACB7789
:104E3000B0F8093092F828800B80B0F80B60ADF81C
:104E400000304E80B0F80D50ADF80260ADF804505F
:104E500092F82B9092F829E037F8185092F82AC06F
:104E6000B9F1000F18BF6D4292F82CA037F81E6000
:104E70000D80BAF1000F18BF76424E8092F82D6077
:104E800037F81C70002E18BF7F428F80B0F90F706A
:104E9000B2F944208F81B0F81130CB81B0F91340C2
:104EA0006243D51702EBD55242F34F22BA1A47F6A6
:104EB000FF75AA42B8BF154648F20002CFF6FF724E
:104EC00015F5004FC8BF2A46ADF80620ADF80830EA
:104ED000ADF80A400DF1060232F81830B9F1000FB2
:104EE00018BF5B428B8132F81E30BAF1000F18BF39
:104EF0005B4232F81C20CB81002E18BF52420A823E
:104F0000837DC77D427D1B0243EA07431A440A6240
:104F10000078002381F8240058B203B0BDE8F08780
:104F2000FF2358B203B0BDE8F087000070B5A0B011
:104F300000284AD0856B0446002D46D0E06B00283F
:104F400043D0206C002840D0607A012184F84710BB
:104F500000B3E06BC8B3206CB8B3607AE17AB0FA02
:104F600080F0400963686E464A1CC0013146A8477C
:104F700094F847206168236CA0720220012A08BFC0
:104F80004FF4E1709847A07A20B3FE2040B220B0E1
:104F900070BD00BFE07A6368421C69468020A84764
:104FA00094F847206168236CA0720220012A08BF90
:104FB0004FF4E1709847A07A20B1FE2040B220B0B3
:104FC00070BD00BFA56B002DC3D1FF2040B220B043
:104FD00070BD00BFE07A2178305C884212D1102089
:104FE00020730120E07647F27C70C0F60000016873
:104FF0008088A162A085204600F0F2FC40B220B07B
:1050000070BD00BF2070FD2040B220B070BD000018
:105010002DE9F04FA1B0002A00F0FA80D2F838C094
:105020001446BCF1000F00F05181E26B002A00F041
:105030004D8100284FF0FF0500F0EB80226C002A24
:1050400000F0E780002900F0EF80C1F100094FF087
:10505000000A4FF0000B0023002506E0043319EB93
:1050600003024FF0F80500F0D480C25C202A23D858
:10507000DFE812F086008C0092002200220022005D
:105080002200220022002200220022002200220010
:105090002200220022002200220022002200220000
:1050A00022002200220022002200220022002200F0
:1050B00022002200980000BF09EB03056A1C00F0E3
:1050C000AD80C2185678202E22D8DFE816F0710085
:1050D0007300750021002100210021002100210022
:1050E00021002100210021002100210021002100B8
:1050F00021002100210021002100210021002100A8
:105100002100210021002100210021002100770041
:10511000AF1C00F083809678202E13D8DFE806F0CD
:105120005056581212121212121212121212121297
:10513000121212121212121212121212121212124F
:105140005A0000BFEF1C00F06980D278202A3FF699
:1051500085AFDFE802F01341471111111111111150
:10516000111111111111111111111111111111112F
:105170001111111111114D0070E700BF033320E030
:105180004FF0000E4FF0010838E000BF4FF0000E66
:105190004FF0020832E000BF4FF0000E4FF004085D
:1051A0002CE000BF4FF0010E4FF0000826E000BFDA
:1051B000013306E0013310E0013314E0013318E05D
:1051C00002334FF0000E4FF0010816E0023304E006
:1051D000023308E002330CE003334FF0000E4FF0CF
:1051E00002080AE003334FF0000E4FF0040804E019
:1051F00003334FF0010E4FF00008F82501334AEA5F
:10520000080A8B424BEA0E0B7FF42FAF0DB90FE06B
:10521000FF2568B221B0BDE8F08F00BFF82568B265
:1052200021B0BDE8F08F00BF4FF0000A4FF0000B37
:10523000E07A617A63680DF10408421C7D20002940
:10524000414608BFFD20E04794F847206168236C81
:10525000A0720220012A08BF4FF4E1709847A07A9B
:1052600020B1FE2568B221B0BDE8F08F0AF007003A
:105270000BF0010108432FD0E07A9AFAAAF118F84E
:105280000000490FA26B6BF3C30108438DF80300C4
:10529000E2B1E76BD7B1206CC0B1636894F84750B6
:1052A0000DF103017D200122B8476168226CA072D4
:1052B0000220012D08BF4FF4E1709047A57A002D20
:1052C00018BFFE2568B221B0BDE8F08FFF2568B297
:1052D00021B0BDE8F08F00BF002568B221B0BDE865
:1052E000F08F0000F0B5A1B021B38E6B0C460EB369
:1052F0000546E06BF0B1206CE0B1E07A617A63685A
:1053000001AF421C7C200029394608BFFC20B04771
:1053100094F847206168236CA0720220012A08BF1C
:105320004FF4E1709847A07A40B1FE2040B221B01E
:10533000F0BD00BFFF2040B221B0F0BDE07AA26B0B
:10534000385C05F0010100F0FE0008448DF804000F
:1053500012B3E76B07B3206CF0B1636894F8475061
:1053600001A97C200122B8476168226CA07202204A
:10537000012D08BF4FF4E17090479DF8040000F044
:105380000101A07A84F84710002818BF6FF00C00C4
:1053900040B221B0F0BD00BFF32040B221B0F0BD5B
:1053A0002DE9F04FA5B0002A00F0F0828146906B05
:1053B0001446002800F0E482E06B002800F0E08250
:1053C000B9F1000F4FF0FF0700F0E182206C0028D8
:1053D00000F0DD8294F847508B46002900F0DC8213
:1053E0000DF11200013002904FF00008012D06D19E
:1053F00000202146FFF776FF002840F0EB823420A2
:1054000008FB00F019F80000F827092800F2BF8215
:10541000DFE810F00A0014001E00BD02BD02BD024C
:10542000BD02BD02BD023400342008FB00902146BD
:10543000023001F0A7FA0746F4E100BF342008FB70
:1054400000902146023001F0A9FB0746EAE100BFC7
:10545000342008FB0091C87901F1020A0028039169
:1054600040D00C2849D30B208AF80500207A40F060
:1054700002002072A76B002F43D181E2627EAA4610
:105480000020CDE907000690059042B3206AC2F1E2
:10549000000CA2F1010E00210925431913F8093C63
:1054A000092B00F026818E4519D001EB4103C61867
:1054B000F378092B00F018810CEB01039F1C0ED030
:1054C000B679092E00F01281033308D0435D092B11
:1054D00000F00E8104318A4205F10C05DDD1F82778
:1054E0009FE100BF01208AF80500207A40F001000A
:1054F00020729AF805000C28B5D2A76B002F00F097
:105500003F82E06B002800F03B82206C002800F016
:105510003782E07A617A636805AE421C00294FF059
:105520006B00314608BFEB20B847A07294F84700E3
:105530006168226C01284FF0020008BF4FF4E1704F
:105540009047A07A002840F03F82E07A9AF8001055
:10555000305CA26B00F0DF0061F34510002A8DF88B
:10556000120000F00D82E76B002F00F00982206C22
:10557000002800F005826368019594F847506B207D
:105580000DF112010122B8476168226CA07202205D
:10559000012D08BF4FF4E1709047A07A002840F039
:1055A0001382A76B002F00F0EB81E06B002800F066
:1055B000E781206C002800F0E381E07A617A63687B
:1055C00005AD821C00294FF04B00294608BFCB20B7
:1055D000B847A07294F847006168226C01284FF028
:1055E000020008BF4FF4E1709047A07A002840F015
:1055F000EB81E07A9AF80730285A9AF8012000F0F7
:10560000010141EA43018DF81210302101EA102016
:1056100040EAC210039A9AF803701179927967F3FD
:10562000830061F3861002F00301084400278DF81F
:10563000130009E06168226C42F210709047142F49
:1056400007F1010780F0B481A56B002DF2D0E06B6B
:105650000028EFD0206C0028ECD0E07A617A6368F3
:1056600005AE421C00294FF00300314608BF8320DD
:10567000A847A07294F847006168226C01284FF097
:10568000020008BF4FF4E1709047A07A0028D1D102
:10569000E07A305C4007CDD4A06B00286CD0E56B7D
:1056A000002D69D0206C002866D094F8470063680C
:1056B000012840F0C1804B200DF112010122A847C2
:1056C0006168226CA0724FF4E1709047A77A019D47
:1056D000002F40F0BE806368E76B02994C200122E6
:1056E000B8474FF4E177AEE0013102E0023100E06B
:1056F000033101EB4101014448788D7805A9224628
:10570000FEF70EFE0746002840F08B80342108FB90
:105710000191680805AF37F810204B8802F47842F1
:105720006FF3DF231A4427F81020012000EB550007
:1057300037F810208B8802F478426FF3DF231A4485
:1057400027F81020022000EB550237F81200C98814
:1057500000F478406FF3DF210144A81D20F0010020
:10576000401B030627F812102AD0C1B24A1E032A92
:1057700006D200210EE000BF019DFF276DE000BFB3
:1057800001F0FC014A426FF0030104315318043365
:10579000FBD1043110F0030212D005AE7019435C46
:1057A0004F19012AF3550BD04B1CC75C2B44022A1E
:1057B00005AAD75404D00231405C294405AA5054AC
:1057C000A06BE8B1E76BDFB1206CC8B194F847007B
:1057D000012817D1002505F13000636805A9294487
:1057E000C0B20122B8476168226CA0724FF4E17028
:1057F0009047A77A8FB90E2D0FD8E76B0135EAE7EE
:10580000FF270EE06368302005A91022B8476168C1
:10581000226CA07202209047A77A002F18BF6FF069
:1058200001075546380640F0B28008F10108D84516
:105830007FF4DCADB0E000BF4B200DF1120102227D
:105840000227A847019D6168226CA07238469047E4
:10585000A77A002F18BF6FF001076168226C4FF420
:105860007A709047380640F092809AF8010028B18B
:105870000120E0769AF8030020772BE0A06B002847
:105880004FF00000E0761DD0E76BDFB1206CC8B1AF
:105890000398636894F8475000F10A014D200122F3
:1058A000B8476168226CA072012D019D4FF0020083
:1058B00008BF4FF4E1709047A77A002F18BF6FF030
:1058C000010700E0FF276168226C4FF47A7090476F
:1058D00038065CD1A76BFFB1E06BE8B1206CD8B1A2
:1058E000E07A617A6368421C00294FF0440005A900
:1058F00008BFC420B847A07294F847006168226CC2
:1059000001284FF0020008BF4FF4E1709047A07AE1
:1059100020B1FE2786E700BFFF2783E703999AF8A7
:105920000500097AA26B00F00F0040EA01108DF823
:105930001200DAB1E76BCFB1206CC8B1636894F89C
:10594000475044200DF112010122B8476168226CD2
:10595000A0720220012D08BF4FF4E1709047A77A92
:10596000002F18BF6FF0010703E000BFFF2701E021
:10597000FF27019D6168226C4FF47A70904751E7D0
:10598000FF2778B225B0BDE8F08F00BFFF2778B2BF
:1059900025B0BDE8F08F00BF012D0FD101202146B9
:1059A000FFF7A0FC074678B225B0BDE8F08F00BF36
:1059B000F12778B225B0BDE8F08F00BF002778B29C
:1059C00025B0BDE8F08F00BFFE2778B225B0BDE856
:1059D000F08F00BF074678B225B0BDE8F08F000019
:1059E000B0B5A2B00446B620002C8DF807005FD0F9
:1059F000A06B00285CD0D4F83CC0BCF1000F57D09D
:105A0000206C002854D094F8470001280AD163681C
:105A10000DF107017E200122E047A0724FF4E170F2
:105A200008E000BF63680DF107017E200122E04716
:105A3000A07202206168226C9047226C6168A57A8E
:105A40004FF4FA609047012084F8470025B1FE200A
:105A500040B222B0B0BD00BF607A58B1204600F01D
:105A60002BF9002804BF0020C4E90C0040B222B08A
:105A7000B0BD00BFD4F838C0BCF1000F18D0E06B47
:105A8000B0B1206CA0B1E07A6368421C02A980200A
:105A9000E04794F847206168236CA0720220012A35
:105AA00008BF4FF4E1709847A07A0028CFD1D5E71E
:105AB000FF2040B222B0B0BD2DE9F04381B040F2EA
:105AC000B804C2F20004164662684AB1751CB5F506
:105AD000006F0BD9FE2040B201B0BDE8F08300BFDB
:105AE000FF2040B201B0BDE8F08300BF40F6602760
:105AF00040F6000840F08000C2F20007C4F201083E
:105B00003870002089462070404610210022FBF7A3
:105B1000A1FAABB240F260256068C2F200053946D6
:105B20002A46FBF799FF78B1404610210122FBF786
:105B300091FAFE2040B201B0BDE8F083207830B980
:105B4000207820B9207810B920780028F6D0404677
:105B500010210122FBF77EFA0EB3701E032806F017
:105B6000030001D2002113E026F0030209F1010332
:105B7000002100BF6F187E785C1804F8016CBE78B5
:105B80005E54FE78043166703F798A42A770F1D185
:105B900028B14A1CAB5C012809F8013004D100206F
:105BA00040B201B0BDE8F0838B1CEF5C022809F81D
:105BB00002701EBF4819C07809F80300002040B2E7
:105BC00001B0BDE8F08300002DE9F04140F2B805D6
:105BD000C2F200056B684BB102F10108B8F5805FB5
:105BE00008D9FE2568B2BDE8F08100BFFF2568B284
:105BF000BDE8F08141F2602E00F07F03C2F2000E9A
:105C00008EF8003072B3531E032B02F0030C01D246
:105C1000002212E022F003044B1C00229E1816F80A
:105C2000017C0EEB020047709F5C0432877077782E
:105C30009442C770B6780671F0D1BCF1000F11D054
:105C40008C5C531CBCF1010F0EF803400AD0CC5CF5
:105C5000931CBCF1020F0EF8034003D0C95C02EBA9
:105C60000E00C17040F60004C4F201040020287048
:105C7000204610210022FBF7EDF9686841F260210F
:105C80001FFA88F2C2F20001FBF77CFF40B1FE254B
:105C90000AE000BF287830B9287820B9287810B9F0
:105CA00028780028F6D00025204610210122FBF795
:105CB000D1F968B2BDE8F0812DE9F043A1B0002828
:105CC0005ED00446806B00285AD0E06B002857D085
:105CD000206C002854D0B4F84A80B8F1000F4FD09F
:105CE000E689304616F0010218BF013881B2022958
:105CF00000D322B1022938BF02200646E0810020ED
:105D00002146FFF7EFFA00285FD10020214600F07E
:105D1000EDFE002859D1B0B2B8FBF0F101FB1080C4
:105D2000010633D0C0B2A8EB0007E689380411D0D1
:105D300000251FFA87F96069A9B20844B2B2234668
:105D400001F008F8E6893544A9B2494501D2002896
:105D5000F1D0D0BBB9B202204145E08128D2022265
:105D60006069B9B2084492B2234600F0F3FFE289B9
:105D70001744B9B241451CD20028F1D019E000BF48
:105D8000FF2040B221B0BDE8F08300BFE2890026C9
:105D90006069B1B2084492B2234600F0DBFFE289A9
:105DA0001644B1B2414505D20028F1D002E000BF4F
:105DB0000020E68148B90120214600F097FE20B975
:105DC00001202146FFF78EFA20B140B221B0BDE894
:105DD000F08300BFA06B48B3E06B38B3226C2AB3EA
:105DE000616844F620609047A76BFFB1E06BE8B1B3
:105DF000206CD8B1E07A617A636801AD421C212041
:105E00000029294608BFA120B84794F847206168B7
:105E1000236CA0720220012A08BF4FF4E17098475A
:105E2000A07AA8B1FE21002002E000BFFF210020DF
:105E300000F00F0060740128084618BF6FF00800DA
:105E4000002918BF084640B221B0BDE8F08300BF6A
:105E5000E07A0021285CEBE72DE9F04F83B040F2B7
:105E6000040BC2F2000B0BF10800FDF739FD9BF8A3
:105E7000130040F2201740F28415C2F20007C2F26C
:105E8000000518B19BF814000B2858D19BF910009D
:105E90009BF91110FA78884229DD12F0FD0326D112
:105EA00095F829204CF6CD44531CCCF6CC44A3FBEA
:105EB0000446360995F8284006EB8606A3EB8603D0
:105EC000A3420DD149F2F470C0F6000001F044FC89
:105ED0009BF810009BF8111001223A7005E000BFFA
:105EE0007E8985F8293025F812600122FA7049B2BE
:105EF00040B2884223DA012A21D895F829004CF6CD
:105F0000CD42411CCCF6CC42A1FB02231B0995F8E3
:105F1000282003EB8303A1EB8301914208D149F2CE
:105F2000F470C0F6000001F017FC0120387004E0A6
:105F30007A8985F8291025F810200220F8707C78DD
:105F40004CF6CD49052C04BF00247C7095F8280040
:105F500095F8291041F69C130A1ACFF6FF7902FB37
:105F6000093293B29B0843EA823292B240F6CC43A4
:105F70009A429CBF0022FA70884211D035F8101066
:105F80007A89511AB1F5C87F0ADD01304CF6CD414E
:105F90004143090D01EB8101A0EB810085F8280048
:105FA0009BF812A0BAF1000F1CD09BF910009BF9CE
:105FB00011100023421AFB8048BF52429BF8133055
:105FC0009BF81450032A4FFA8AF221D8042A1FDCC6
:105FD000F3B10B2D1CD0B8780024C1B202297C701B
:105FE0006ED070E0F88840F2EF22013001B29142A9
:105FF000F880A4BF01203870611FB878032929D226
:10600000C1B202295FD1A01F022859D281E000BF8E
:10601000042802DB0BB90B2D04D104292ADB0B2D3C
:1060200028D13BB3042A25DD02227A70BA780126F2
:106030008842FB89C8BF4FF0FF36022A08BF1E44C2
:10604000BAF10C0FFE811CD0B8780224C1B202292B
:1060500039D15EE0022801D0042825D1B878072480
:10606000C2B24FF07E51022A7C70CBF804102AD1C4
:106070004FE000BF022A0DDD0120BAF10C0F78704D
:106080001AD1B8780024C1B202297C70FC8117D0E3
:1060900019E000BF002A9EDDB8780324C1B20229AE
:1060A0007C7010D10CE000BFB8780624C1B2022980
:1060B0007C702ED007E000BFB878C1B2022901D1B0
:1060C000022008E00124C1B2072908D104F0FE0132
:1060D000062904D00720042400217C70B981C0B2B5
:1060E000042816D1B889072C00F10100B8810BD81B
:1060F0000121A14011F0C40F06D080B2502808D36E
:106100000024A7F801400CE004247C7080B25028E1
:10611000F6D2072CBC7004D80120A04010F0940FD8
:1061200001D10020F881DBF80C00FAF731FA0023E6
:10613000CCF2160300220025FAF7CEF80023C4F2B1
:1061400049030022FAF76FF9FAF735FA072C00F243
:106150007580DFE804F01925052D353D470500BFA2
:10616000F88948F2000501B2C4F20E45002944BF87
:1061700048F20005CCF20E45002808BF05464CF653
:10618000CD40C3F6CC6057E0FAF702FA4CF6CD42A8
:106190004CF6CC43CCF6CC42C3F6F47345E000BFDA
:1061A0004CF6CD41C3F6CC71FAF726F841E000BFBA
:1061B00046F26661C3F6E671FAF71EF839E000BFF1
:1061C0004CF6CD41C3F64C71FAF716F831E000BF3A
:1061D000BAF1000F20D043F23331C4F21301FAF7C1
:1061E0000BF826E0FD6940F20008C4F2FA382846B0
:1061F0004146FAF798F918B14FF07E5045461BE03A
:106200000021CCF2FA312846FAF77FF9002804BFC2
:106210000025CCF2FA350DE0F869FAF7B9F946F243
:106220006663C3F6F6734FF06632FAF7FCF8FAF7D6
:10623000C2F905464FF07E50CBF800004FFA8AF0C5
:106240000128A8BFFD61B88841F6981100FB09102C
:1062500081B2890841EA803080B240F6CC41884260
:106260000AD9396A2846F9F76FFF0146284639628C
:1062700003B0BDE8F08F00BFB7F90E602846FAF70B
:1062800087F90B46009006A021463246019300F0A4
:10629000E9FD00212846396203B0BDE8F08F00BF58
:1062A00020256420256420252E32660D0A0000007A
:1062B00010B540F2C004C2F20004207890B140F260
:1062C000F81004F1100104F13802C2F20000FDF7E9
:1062D000AFFE68B10020C4F80200C4F80600608177
:1062E000A08110BD0020C4F80200E08010BD00BFF6
:1062F000B4F8440021696080D4F84600A160606071
:10630000A08AA08110BD000010B540F2C004C2F206
:106310000004207800281CBF002010BD40F2F810B7
:1063200042F2E821C2F20000C2F20001FDF704FFD0
:10633000002818BF10BD40F2F810C2F20000FDF7AF
:1063400083FF00281CBF022010BD01202070002008
:1063500010BD000080B582B0019040F28410C2F2FE
:1063600000002C3001A901224FF6FF73FDF716F94A
:10637000019802B080BD0000F0B5A1B000295FD047
:106380008E6B0C46002E5BD00546E06B002857D084
:10639000206C002854D0E07A617A636801AF821CD7
:1063A0004B200029394608BFCB20B04794F847203E
:1063B0006168236CA0720220012A08BF4FF4E170CB
:1063C0009847A07A20B1FE2040B221B0F0BD00BFB6
:1063D000E07A391891F901103A5CCBB25208EA71AF
:1063E000DA096A70C3F38012AA70C3F38102EA70FB
:1063F00001F00302B1F1FF3F2A7125DDA76BFFB168
:10640000E16BE9B1216CD9B1617A636801AE421CDC
:106410004D200029314608BFCD20B84794F84720C9
:106420006168236CA0720220012A08BF4FF4E1705A
:106430009847A07A60B1FE2040B221B0F0BD00BF05
:10644000FF2040B221B0F0BD002040B221B0F0BD2D
:10645000E07A305C2872002040B221B0F0BD00002C
:1064600098B0FAF711FE00240120CDE90544CDE9EA
:106470000344009004904FF4E0104FF48031022563
:1064800009906846CDE90114CDE90751FAF7B2FF4A
:1064900020B1EFF3108072B6FEE700BF0F20CDE908
:1064A0000A054FF48060CDE90D040AA802210C947E
:1064B000FAF798FE20B1EFF3108072B6FEE700BF46
:1064C00041F21805C4F20205286840F6000A40F0BF
:1064D000100028602868C4F2010A00F01000009043
:1064E000009828680AF5006740F0200028602868B6
:1064F0004FF4005100F0200000900098286800221E
:1065000040F00400286028684FF4005600F00400B2
:10651000009000982868002440F00800286028684F
:1065200000F00800009000983846FAF793FD5046B6
:1065300048F210410022FAF78DFD0AF580694846BD
:1065400048F208310022FAF785FD009611206E46C8
:10655000CDE901044FF0020838463146CDF80C80F1
:10656000FAF768FC102000900320012703905046A2
:106570003146CDE90174FAF75DFC4FF4004B484613
:106580003146CDE900B7CDE90248FAF753FC4FF4A4
:106590008060CDE9000750463146CDE90248FAF760
:1065A00049FC4FF48050CDE9000450463146029436
:1065B000FAF740FC50463146CDE900B7CDE9024735
:1065C000FAF738FC4FF44270CDE9000748463146EF
:1065D000CDE90247FAF72EFC55F8040C002140F0F3
:1065E000010045F8040C55F8040C002200F00100ED
:1065F000009000980C20FAF7B9FD0C20FAF7A6FDE0
:106600000D2000210022FAF7B1FD0D20FAF79EFDC2
:1066100042F2E8200AF52051C2F200004FF48272E3
:1066200080E8160010214FF40073C1610A21C0E90F
:106630000344C0E90543C0E90844C0E90A41FBF747
:1066400039F928B1EFF3108072B600BFFEE700BF42
:1066500042F240300AF51051C2F2000041F61F42EA
:106660001794CDE91544CDE91244CDE90644CDE9AE
:106670000444CDE90244CDE90044C0E90014C0E976
:106680000242C0E904448461FBF78AFB20B1EFF3C6
:10669000108072B6FEE700BF4FF48050149042F2B3
:1066A0004030C2F2000014A9FBF75CFC20B1EFF30C
:1066B000108072B6FEE700BF42F24030C2F2000026
:1066C000FCF77AF820B1EFF3108072B6FEE700BF56
:1066D00042F24030C2F2000012A9FBF723FB28B1BE
:1066E000EFF3108072B600BFFEE700BF60200A9093
:1066F0000020CDE90B00CDE90D00CDE90F0042F2FD
:106700004030C2F200000AA90022FBF753FF28B173
:10671000EFF3108072B600BFFEE700BF42F24030D8
:10672000C2F200000AA90422FBF744FF20B1EFF3F4
:10673000108072B6FEE700BF42F24030C2F20000A5
:106740000AA90C22FBF736FF20B1EFF3108072B6D6
:10675000FEE700BF4FF40050059042F240300024A5
:10676000C2F2000069460494CDE90244CDE9004438
:106770000794FBF7B1FA18B1EFF3108072B6FEE799
:1067800042F24030C2F20000FBF7EAFE42F28830EB
:10679000C2F200004FF0804140F2E7330394CDE9AC
:1067A0000144CDE90A44472280E81600C0E90334D9
:1067B0008461FBF7F5FA18B1EFF3108072B6FEE7CB
:1067C0004FF48050009042F28830C2F200006946D7
:1067D000FBF7C8FB20B1EFF3108072B6FEE700BFF5
:1067E00042F28830C2F200000AA9FBF79BFA18B106
:1067F000EFF3108072B6FEE742F2D0300021AAF526
:106800008232C2F20000C0E9002103224FF6FF737A
:10681000CDE900210122CDE90A11C0E9021301618D
:106820008161CDE90221CDE90411CDE9062108916C
:106830006946FBF765FC18B1EFF3108072B6FEE70E
:1068400042F2D030C2F200000AA9FBF76BFA18B18D
:10685000EFF3108072B6FEE740F28415C2F2000535
:10686000AAF54041284640F82C1F4FF4E13100249E
:106870000C22C0E90114C0E90344C0E90524C46145
:10688000FCF7D4FD20B1EFF3108072B6FEE700BF35
:1068900042F21840AAF58031C2F20000C0E90014AB
:1068A0000321CDE9001401214FF6FF72CDE9021456
:1068B000CDE906146946CDE90A44C0E90242046103
:1068C0008461CDE904440894FBF71AFC20B1EFF38E
:1068D000108072B6FEE700BF42F21840C2F200001C
:1068E0000AA9FBF71FFA18B1EFF3108072B6FEE7A2
:1068F00040F6AC50FAF78AFAFFF706FD42F2D030C4
:10690000C2F200003C21FBF713FD42F21840C2F234
:1069100000003C21FBF70CFD42F24034C2F20004BF
:10692000204600210026FBF7C1FF20460421FBF78B
:10693000BDFF42F28830C2F20000FBF7DBFA40F202
:106940002010C2F200004CF28F21C3F6F5414FF047
:10695000804200F1580C00274FF07E53C0E9122608
:106960008CE846004FF07C52C4F2C8272E85C0E95F
:106970001463C0E90A63C0E90C27C0E90E66C0E9E8
:106980001031FEE770B5A2B082780C46022A06D319
:1069900001218170217A41F00201217282784178CF
:1069A000012A03D1032909D9032102E0082905D3CB
:1069B00007214170217A41F002012172017859B119
:1069C0000D2912D30C210170217A41F002012172AC
:1069D000C17804290CD211E001210170217A41F023
:1069E0000101217201780D29ECD2C178042905D367
:1069F0000321C170237A43F00203237243780078A5
:106A0000D20163F3061200F00F001044002C8DF841
:106A100006008DF8071065D0A06B002862D0E56BEA
:106A2000002D5FD0206C00285CD094F8470001282E
:106A300018D163680DF10606402031460122A847AF
:106A40006168226CA0724FF4E1709047A07AB0B9EF
:106A50006368E56B711C41200122A847A0724FF4C6
:106A6000E17607E063680DF106014020022202266C
:106A7000A847A0726168226C30469047A07A18B18E
:106A8000FE2040B222B070BDA66B5EB3E06B48B38F
:106A9000206C38B3E07A617A636802AD421C1B2037
:106AA0000029294608BF9B20B04794F84720616819
:106AB000236CA0720220012A08BF4FF4E1709847AE
:106AC000A07A0028DCD1E07A285CC0F3820001388B
:106AD00003283ABF6FF00401081A002040B222B028
:106AE00070BD00BFFF2040B222B070BDF0B5A1B0B4
:106AF00000294FD08E6B0C46002E4BD00546E06B24
:106B0000002847D0206C002844D0E07A617A63687E
:106B100001AF421C59200029394608BFD920B0478F
:106B200094F847206168236CA0720220012A08BFF4
:106B30004FF4E1709847A07A20B1FE2040B221B016
:106B4000F0BD00BFE07AA26B385C05F0010100F0F7
:106B5000FE0008448DF80400E2B1E76BD7B1206C69
:106B6000C0B1636894F8475001A959200122B84781
:106B70006168226CA0720220012D08BF4FF4E17001
:106B80009047A07A002818BF6FF0010040B221B0F2
:106B9000F0BD00BFFF2040B221B0F0BD70B5A2B083
:106BA0000C46817800220229ADF8062068D3012125
:106BB0008170227A42F0020222724278032A62D263
:106BC0004279022A68D301224271227A42F00202FB
:106BD00022720278052A62D90E2A69D30D22027028
:106BE000227A42F002022272C278022A63D2027929
:106BF000052A05D304220271237A43F0020323728B
:106C00004678C9010378C578407966F3051160F3C9
:106C1000861103F00F0008448DF8060005F001000E
:106C200042EAC000002C8DF8070000F08F80A06BB6
:106C3000002800F08B80E56B002D00F08780206C31
:106C4000002800F0838094F8470001283ED1636853
:106C50000DF10606422031460122A8476168226CE8
:106C6000A0724FF4E1709047A07AE0BB6368E56BD7
:106C7000711C43200122A847A0724FF4E1762DE059
:106C80004278032A9CD302224270227A42F0020206
:106C900022724279022A96D20278052A9CD80622CC
:106CA0000270227A42F00102227202780E2A95D2F4
:106CB000C278022A9BD30122C270227A42F00202D9
:106CC00022720279052A95D29AE700BF63680DF116
:106CD0000601422002220226A847A0726168226CA7
:106CE00030469047A07A18B1FE2040B222B070BD65
:106CF000A66B5EB3E06B48B3206C38B3E07A617A80
:106D0000636802AD421C1B200029294608BF9B2056
:106D1000B04794F847206168236CA0720220012AD2
:106D200008BF4FF4E1709847A07A0028DCD1E07AE0
:106D3000285CC0F38200013803283ABF6FF00401D9
:106D4000081A002040B222B070BD00BFFF2040B240
:106D500022B070BD2DE9F04182B000286AD006460D
:106D6000C1F343001C468DF806004809002B8DF83E
:106D700007005FD0A06B00285CD0E76B002F59D0D4
:106D8000206C002856D094F847001546012819D1E8
:106D900063680DF106085B2041460122B84761682F
:106DA000226CA0724FF4E1709047A07AC0B963687A
:106DB000E76B08F101015C200122B847A0724FF493
:106DC000E17808E063680DF106015B2002224FF0D4
:106DD0000208B847A0726168226C40469047A07ACA
:106DE00020B1FE2040B202B0BDE8F081A06B08B334
:106DF000D4F83CC0BCF1000F1CD0206CD0B194F88A
:106E0000470001281CD145B3002707F15E006368E5
:106E1000F119C0B20122E0476168226CA0724FF400
:106E2000E1709047A07AB0B90137AF4213D2D4F8DD
:106E30003CC0EAE7FF2040B202B0BDE8F08100BFED
:106E400063685E2031462A46E0476168226CA07282
:106E500002209047A07A0028C3D1002040B202B09F
:106E6000BDE8F0810FB4054B10B503A9044A0298A0
:106E700000F0DAF810BC5DF814FB00005563000860
:106E80000000002002E008C8121F08C1002AFAD141
:106E900070477047002001E001C1121F002AFBD19A
:106EA000704700002DE9FF5F82B00021DDE904306A
:106EB000020DDDF840B0034318D044F61050A2F2A2
:106EC000FF3242431514119801281FD0A5EB0B0087
:106ED000401C5FEA000A4FF000064E4FDFF8389181
:106EE000B046504615D5CAF1000413E011980124AC
:106EF0004AA3012801D16FEA0B010298119AC0E957
:106F00000031C0E9024206B0BDE8F09FCBF10000BD
:106F1000DFE704460021404A491842EB0450CDE91E
:106F2000001012E0E00707D032463B464046494693
:106F3000F9F779FA8046894632463B4610461946AB
:106F4000F9F771FA06460F466410002CEAD1DDE924
:106F50000401DDE90023BAF1000F06DAF9F763FA5C
:106F600042464B46F9F75FFA05E0F9F73CFC42462A
:106F70004B46F9F738FC04460E460022284BF9F739
:106F8000B9FC03D84FF0FF30014607E00022254B43
:106F900020463146F9F7A0F9F9F794FC102409E0EE
:106FA000002C0ADB0A220023F9F737FB039B30325F
:106FB0001A55641E50EA0102F2D1641C039AC4F10E
:106FC00011031444119A012A03D0012208430DD160
:106FD0000AE0084304D000204FF0110B119072E733
:106FE000A3EB0B056D1E0DE05B4504DD4FF00002C9
:106FF00005F1010504E003DA4FF00002A5F10105F7
:10700000002AECD002981199C0E90231C0E900458C
:1070100079E70000000014400000F03F300000005D
:107020000000F0430000E03F2DE9FF4F95B09B4684
:107030008946064600250FE2252877D100242746F9
:10704000F84A0121059400E0044316F8013F203B73
:1070500001FA03F01042F7D130782A2811D06FF0EE
:107060002F033078A0F13002092A16D8059A44F08F
:10707000020402EB820203EB42021044761C0590EC
:10708000EFE759F8042B0592002A03DA504244F442
:107090000054059044F00204761C30782E2816D156
:1070A00016F8010F44F004042A280DD06FF02F02C7
:1070B0003078A0F13003092B09D807EB870302EBE6
:1070C0004303C718761CF3E759F8047B761C307825
:1070D0006C280FD006DC4C2817D068280DD06A2801
:1070E00014D104E0742810D07A280FD10DE044F4B4
:1070F00000140AE044F4801401E044F4401472786F
:10710000824202D104F58014761C761C3078662801
:107110000BD013DC582877D009DC002875D045281F
:10712000F6D04628F4D047281AD19DE118E063280C
:1071300035D0642879D0652812D195E1702873D0B4
:1071400008DC6728F1D069286FD06E280DD06F2831
:1071500006D1B5E073282CD0752875D0782874D066
:107160005A46179990476D1C75E1C4F302500228E6
:1071700009D003280DD0D9F8001004280DD00D60D7
:1071800009F1040967E1D9F80010EA17C1E90052D2
:10719000F6E7D9F800100D80F2E70D70F0E719F866
:1071A000041B8DF8001000208DF80100EA46012034
:1071B00003E059F804AB4FF0FF3061074FF00001D6
:1071C00002D40DE008F101018846B9420FDA80458A
:1071D000F8DB1AF808100029F4D108E008F10101E1
:1071E00088468142FADB1AF808100029F6D1059882
:1071F0005B46A0EB080721463846179A00F094FA40
:10720000284400EB080507E04DE029E10DE01AF8FD
:10721000010B5A4617999047B8F10108F7D25B461F
:1072200021463846179A13E142E00A220092C4F33D
:1072300002524FF0000A022A08D059F804CB032A60
:107240004FEAEC710AD00DE029E02AE009F10701CC
:1072500021F00702F2E802C1914609E00FFA8CFC26
:107260004FEAEC71042A03D14FFA8CFC4FEAEC711F
:10727000002907DA0A460021DCF1000C61EB02016B
:107280002D2202E0220504D52B228DF804200122B4
:1072900003E0E20701D02022F7E7904659E00A21F7
:1072A00002E010220DE010214FF0000A00910BE0E7
:1072B00010224FF0000A44F004040827009203E073
:1072C00008224FF0000A0092C4F30252022A05D0AD
:1072D00059F804CB0021032A08D009E009F107017D
:1072E00021F00702F2E802C1914605E01FFA8CFC8A
:1072F000042A01D10CF0FF0C4FF00008220728D51A
:10730000702806D0009B83F0100353EA0A0305D0CF
:107310000EE040228DF80420012208E05CEA010220
:1073200006D030228DF804208DF805000222904608
:10733000009B83F0080353EA0A030AD15CEA0102C6
:1073400001D1620705D530228DF804204FF00108E5
:107350007F1E582804D034A003900EA802900DE0A0
:1073600036A0F9E753466046009AF9F756F9844685
:107370000398825C0298401E029002705CEA010051
:10738000F0D1029806A9081A00F1200A600702D578
:1073900024F4803400E00127574502DDA7EB0A0002
:1073A00000E0002000EB0A01009005984144401ADB
:1073B0000590E00306D45B462146179A059800F035
:1073C000B3F90544002706E001A85A46C05D1799A5
:1073D00090476D1C7F1C4745F6DBE0030CD55B46F0
:1073E0002146179A059800F09FF9054404E03020E3
:1073F0005A46179990476D1C0099481E0090002925
:10740000F5DC08E0029802995A460078491C02917E
:10741000179990476D1CBAF10001AAF1010AF1DC3D
:1074200065E1000009280100303132333435363748
:1074300038396162636465660000000030313233C0
:107440003435363738394142434445460000000060
:1074500000F058F90544761C307800287FF4ECAD34
:1074600019B02846BDE8F08F620700D4062709F15D
:10747000070222F0070CFCE80223E14603F0004873
:107480005FEA080C02D00FF2702C0DE05FEA045C9A
:1074900002D50FF2682C07E05FEAC47C02D00FF23D
:1074A000602C01E0AFF2700C4FF0FF3823F0004386
:1074B000CDF850C065280CD006DC452809D04628F8
:1074C0001DD047283DD13DE0662818D067287ED1E1
:1074D00038E00021112F01DB112000E0781CCDE9FC
:1074E000000106A90EA8FFF7DDFCDDE90F010E9AE9
:1074F00003910021009207F1010A04914DE04FF041
:1075000000400097CDE9011006A90EA8FFF7CAFCBC
:10751000DDE90F0203920E9B11990022DDF80CA009
:107520000093049211B9791C00EB010AB7EB0A0031
:1075300004D4C0F1FF3007F1010A0490AAEB070060
:10754000019044E0012F00DA01270021112F01DD15
:10755000112000E03846CDE9000106A90EA8FFF78A
:10756000A1FCDDE90F010E9A039100210491009224
:10757000BA4621070CD40399514500DA8A46BAF17C
:10758000010F05DD009AAAF10101515C302908D0F4
:10759000B84202DA10F1040F06DA0121CDE9011038
:1075A00015E0AAF10101E9E7002805DC049901448E
:1075B0000491AAEB000102E0411C514500DD8A461E
:1075C0000499401A401C01904FF00040029020079F
:1075D00004D40198504501DBCDF8048000208DF8DB
:1075E0004F0002980DF14F07B0F1004F25D02B202E
:1075F0000E9002984FF0020800280CDA40420290E8
:107600002D200E9007E00A210298F8F7F0FF3031A4
:10761000029007F8011DB8F10001A8F10108F2DCA1
:1076200002980028EFD1791E0E980870307800F08B
:10763000200040F0450007F8020D12A8C01B00F121
:1076400007081498007800B1012000EB0A010198A6
:1076500001EBE07105984144401A401E0590E0039B
:1076600006D45B462146179A059800F05DF805445C
:107670001498007818B15A46179990476D1CE0038A
:1076800024D55B462146179A059800F04DF805442D
:107690001CE00498002807DBDDE90301884203DDD4
:1076A0000098405C179901E0179930205A4690479E
:1076B000049805F10105401C04900198401E0190BA
:1076C00004D12E205A46179990476D1CBAF100013B
:1076D000AAF1010ADDDC05E017F8010B5A461799FB
:1076E00090476D1CB8F10001A8F10108F4DC5B467D
:1076F0002146179A0598ABE62D0000002B000000EC
:10770000200000002DE9F041044600251E461746E2
:10771000880404D405E039462020B0476D1C641E5F
:10772000F9D52846BDE8F0812DE9F0410446002551
:107730001E469046C80301D5302700E02027880464
:1077400004D505E041463846B0476D1C641EF9D5A6
:107750002846BDE8F081000010B5044601E0FEF7C0
:10776000F9FD14F8010B04490028F8D1BDE81040D8
:107770000A20FEF7EFBD000000000020000102001B
:1077800000000000000000000000010203040607E2
:10779000080900000000010203040102C82E002EA7
:1077A000802E3DB1C82E002E802E9103802EBCB0BD
:1077B000802EA303C82E002E802E00B05030212E24
:1077C00059F51030212E6AF5802E3B030000000091
:1077D000081901002200750000100010D100B34309
:1077E000802E00C1802E00C1802E00C1802E00C1DD
:1077F000802E00C1802E00C1802E00C1802E00C1CD
:10780000802E00C1802E00C1802E00C1802E00C1BC
:10781000802E00C1802E00C1802E00C1802E00C1AC
:10782000802E00C1802E00C1802E00C1802E00C19C
:10783000802E00C1802E00C1802E00C1802E00C18C
:10784000802E00C1802E00C1802E00C1802E00C17C
:10785000802E00C1802E00C1802E00C1802E00C16C
:10786000802E00C1802E00C1802E00C1802E00C15C
:10787000802E00C1802E00C1802E00C1802E00C14C
:10788000802E00C1802E00C1E05F000000000100DA
:107890000000000000000000000092000000000056
:1078A00000000000000000000000000008190000B7
:1078B000880000000000000005E0AA3805E09030D4
:1078C000FA0096004B091100110002002D01D47B33
:1078D0003B01DB7A04003F7BCD6CC3048509C30404
:1078E000ECE60C460100270019009600A0000100FC
:1078F0000C00F03C00010100030001000E0000003C
:1079000032000500EE060400C80000000400A805CF
:10791000EE060004BC02B300850700000000000072
:107920000000000000000000000000000000B400A3
:107930000100B900010098000000000000000000F4
:1079400001008000040000000000000000000000B2
:107950000000000000000000000000000000000027
:107960000000000000000000000000000000000017
:107970000000000000000000000000000000000007
:1079800000000000000000000000000000000000F7
:10799000000000000000802E00C1FD2DDE00EB0085
:1079A000DA00000CFF0F0004C0005BF5C9011EF2F5
:1079B00080003FFF19F458F566F564F5C0F1F0005A
:1079C000E000CD01D301DB01FF7FFF01E40074F78C
:1079D000F300FA00FF3FCA036C3856FE44FDBC02B8
:1079E000F90600FC1202AE0158FA9AFD7705BB02B7
:1079F000960195017F0182018901870188018A0131
:107A00008C018F018D0192019101DD009F017E01AA
:107A1000DB00B601706926D39C071F059D00000896
:107A2000BC0537FAA201AA01A101A801A001A8057D
:107A3000B401B401CE00D000FC00C501FFFBB100D1
:107A400000380030FDF5FCF5CD01A0005FFF0040DF
:107A5000FF0000806D0FEB007FFFC2F568F7B3F108
:107A6000670F5B0F610F800F58F75BF7830F86007E
:107A7000720F850FC6F17F0F6CF700E000FFD1F5A4
:107A8000870F8A0FFF03F03F8B008E009000B90034
:107A90002DF5CAF5CB0120F2000000000000000027
:107AA00000000000000000000000000000000000D6
:107AB00000000000000000000000000000000000C6
:107AC00000000000000000000000000000000000B6
:107AD00000000000000000000000000000000000A6
:107AE0000000000000000000000000000000000096
:107AF0000000000000000000000000000000000086
:107B00000000000000000000000000000000000075
:107B10000000000000000000000000000000000065
:107B20000000000000000000000000000000000055
:107B30000000000000000000000000000000000045
:107B40000000000000000000000000000000000035
:107B50000000000000000000000000000000000025
:107B60000000000000000000000000000000000015
:107B7000000000003050982ED70E5032982EFA0395
:107B80000030F07F002E002ED02E002E018008A2A3
:107B9000FB2F982EBA03212E1900012EEE0000B201
:107BA000072F012E190000B2032F01500352982E07
:107BB00007CC012EDD0000B2272F052E8A000552CA
:107BC000982EC7C1032EE90040B2F07F082F012E86
:107BD000190000B2042F0030212EE900982EB4B114
:107BE000012E180000B2102F0550982E4DC30550DD
:107BF000982E5AC7982EF9B4982E54B2982E67B67C
:107C0000982E17B21030212E7700012EEF0000B20F
:107C1000042F982E7AB70030212EEF00012ED400C9
:107C200004AE0B2F012EDD0000B2072F0552982E57
:107C30008E0E00B2022F1030212E7D00012E7D000D
:107C40000090902EF102012ED70000B2042F982E42
:107C50002F0E0030212E7B00012E7B0000B2122F50
:107C6000012ED4000090022F982E1F0E092D982E61
:107C7000810D012ED4000490022F5032982EFA0369
:107C80000030212E7B00012E7C0000B2902E0903D3
:107C9000012E7C000131010800B2042F982E47CB41
:107CA0001030212E77008130012E7C00010800B2B7
:107CB000612F032E8900012ED40098BC98B805B21C
:107CC0000F58232F079009540030372F15410441D6
:107CD000DCBE44BEDCBA2C0161000F564A0F0C2FEB
:107CE000D14294B8C1421130052E6AF72CBD2FB98C
:107CF00080B20822982EC3B7212D6130232ED400E4
:107D0000982EC3B70030212E5AF5182DE17F503040
:107D1000982EFA030F520750504270300D544242D1
:107D20007E82E26F80B24242052F212ED4001030B5
:107D3000982EC3B7032D6030212ED400012ED4001D
:107D40000690182F012E76000B540752E07F982ED4
:107D50007AC1E16F081A4030082F212ED40020305C
:107D6000982EAFB75032982EFA03052D982E380E64
:107D70000030212ED4000030212E7C00182D012E41
:107D8000D40003AA012F982E450E012ED4003F8067
:107D900003A2012F002E022D982E5B0E3030982E5C
:107DA000CEB70030212E7D005032982EFA03012EDE
:107DB000770000B2242F982EF5CB032ED500115456
:107DC000010ABC848386212EC901E0401352C440BD
:107DD0008240A8B9524243BE5342040A5042E17F56
:107DE000F0314140F26F25BD0808020AD07F982E7D
:107DF000A8CF06BCD16FE26F080A8042982E58B710
:107E00000030212EEE00212E7700212EDD00802E65
:107E1000F4011A242200802EEC011050FB7F982ED2
:107E2000F3035750FB6F013071541142420EFC2F87
:107E3000C02E0142F05F802E00C1FD2D0100000028
:107E400000000000000000009A0134030000000060
:107E50000000000000000000000000000000000022
:107E60000000000000000000000000000000000012
:107E70000000000000000000000000000000000002
:107E800000000000000000000000000000000000F2
:107E900000000000000000000000000000000000E2
:107EA00000000000000000000000000000000000D2
:107EB0000000000000000000000000000000205052
:107EC000E77FF67F06320F2E61F5FE09C0B3042F5F
:107ED00017302F2EEF002D2E61F5F66FE76FE05F64
:107EE000C82E2050E77FF67F46300F2EA4F1BE0942
:107EF00080B3062F0D2ED40084AF022F16302D2E06
:107F00007B0086302D2E60F5F66FE76FE05FC82EA0
:107F1000012E77F709BC0FB800B21050FB7F10306C
:107F20000B2F032E8A0096BC9FB840B2052F032E5C
:107F300068F79EBC9FB840B2072F032E7E00419089
:107F4000012F982EDC03032C0030212E7E00FB6FC6
:107F5000F05FB82E2050E07FFB7F002E2750982E38
:107F60003BC82950982EA7C80150982E55CCE16FD8
:107F70002B50982EE0C9FB6F0030E05F212E7E0071
:107F8000B82E7350013057541142420EFC2FB82EB8
:107F9000212E59F51030C02E212E4AF19050F77F36
:107FA000E67FD57FC47FB37FA17F907F827F7B7F79
:107FB000982E35B700B2902E97B0032E8F00072E63
:107FC0009100052EB1003FBA9FB8012EB100A3BDAC
:107FD0004C0A052EB10004BEBFB9CB0A4FBA22BD70
:107FE000012EB300DC0A2FB9032EB8000ABE9A0A8C
:107FF000CFB99BBC012E97009FB8930A0FBC910A82
:108000000FB8900A252E1800052EC1F52EBD2EB9E9
:10801000012E190031308A040090072F012ED40060
:1080200004A2032F012E180000B20C2F1950055284
:10803000982E4DB7052E780080901030012F212EFC
:108040007800252EDD00982E3EB700B202300130B8
:10805000042F012E190000B2002F2130012EEA005A
:10806000081A0E2F232EEA0033301B500B09014053
:10807000175646BE4B084C0A01420A80155201426F
:10808000002E012E180000B21F2F032EC0F5F03075
:10809000480847AA7430072E7A0061224B1A052F30
:1080A000072E66F5BFBDBFB9C0900B2F1D562B30F4
:1080B000D242DB420104C24204BDFE808184232EF1
:1080C0007A0002420232252E62F5052ED600818406
:1080D000252ED6000231252E60F5052E8A000B5084
:1080E000900880B20B2F052ECAF5F03E9008252E81
:1080F000CAF5052E59F5E03F9008252E59F5906FE9
:10810000A16FB36FC46FD56FE66FF76F7B6F826F30
:10811000705FC82EC050907FE57FD47FC37FB17F52
:10812000A27F877FF67F7B7F002E012E60F5607F28
:10813000982E35B70230636F1552507F627F5A2CEC
:1081400002321A0900B3142F00B2032F092E1800AF
:1081500000910C2F437F982E97B71F50028A02324E
:108160000430252E64F51552506F436F4443252E7D
:1081700060F5D908C0B2362F982E3EB700B2062F50
:10818000012E190000B2022F506F00900A2F012E0D
:1081900079000090192F1030212E79000030982E90
:1081A000DC03132D012EC3F50CBC0FB812301004E4
:1081B00003B0262521500352982E4DB71030212EA2
:1081C000EE000230607F252E7900606F0090052F51
:1081D0000030212EEA001550212E64F51552232E71
:1081E00060F50232506F0090022F0330272E780086
:1081F000072E60F51A090091A32F19090091A02FED
:10820000906FA26FB16FC36FD46FE56F7B6FF66F26
:10821000876F405FC82EC050E77FF67F26300F2E55
:1082200061F52F2E7C000F2E7C00BE09A27F807F7F
:1082300080B3D57FC47FB37F917F7B7F0B2F23508B
:108240001A251240427F74821240527F002E004055
:10825000607F982E6AD68130012E7C00010800B222
:10826000422F032E8900012E890097BC06BC9FB8BF
:108270000FB80090232ED800103001302A2F032E83
:10828000D40044B2052F47B200302D2F212E7C00A0
:108290002B2D032EFDF59EBC9FB84090142F032E6E
:1082A000FCF599BC9FB840900E2F032E49F1255440
:1082B0004A084090082F982E35B700B21030032F8F
:1082C0005030212ED400102D982EAFB70030212E23
:1082D0007C000A2D052E69F72DBD2FB980B2012F24
:1082E000212E7D00232E7C00E031212E61F5F66FDA
:1082F000E76F806FA26FB36FC46FD56F7B6F916FA5
:10830000405FC82E60510A253688F47FEB7F00322B
:10831000315232301330982E15CB0A253384D27F58
:10832000433005502D52982E95C1D26F2752982E6A
:10833000D7C72A25B086C07FD37FAF842950F16F7D
:10834000982E4DC82A25AE8AAA88F26E2B50C16F8E
:10835000D36FF47F982EB6C8E06E00B2322F33543C
:108360008386F16FC37F04303030F47FD07FB27FDB
:10837000E330C56F56404541280803140EB408BCCD
:108380008240100A2F542605917F4428A37F982EFF
:10839000D9C008B933305309C16FD36FF46F831755
:1083A00047406C15B26FBE09750B90424542510EA5
:1083B00032BC0289A16F7E86F47FD07FB27F043009
:1083C000916FD62FEB6FA05EB82E032E97001BBCCB
:1083D00060509FBC0CB8F07F40B2EB7F2B2F032E78
:1083E0007F004140012EC800011A112F3758232E5B
:1083F000C8001041A07F38810141D07FB17F982E05
:1084000064CFD06F0780A16F1142002EB16F01427F
:108410001130012EFC0000A80330CB224A25012E8A
:108420007F003C8935520554982EC4CEC16FF06F41
:10843000982E95CF042D0130F06F982E95CFEB6FCD
:10844000A05FB82E032EB3000232F030033130505B
:108450008A080808CB08E07F80B2F37FDB7F252FF6
:10846000032ECA004190042F0130232ECA00982EFB
:108470003F03C0B2052F032EDA0000304104232E43
:10848000DA00982E92B21025F06F00B2052F012E5F
:10849000DA0002301004212EDA0040B2012F232E20
:1084A000C801DB6FE06FD05F802E95CF0130E06FA9
:1084B000982E95CF1130232ECA00DB6FD05FB82ED7
:1084C000D0500A2533845550D27FE27F038CC07F81
:1084D000BB7F0030055A39545141A57F967F807F7C
:1084E000982ED9C00530F57F2025916F3B583D5C13
:1084F0003B56982E67CCC16FD56F52405043C17F19
:10850000D57F1025982EFEC91025982E74C0866F31
:108510003028926F828CA56F6F52690E3954DB2F11
:1085200019A01530032F0030212E81010A2D012EB4
:10853000810105284236212E8101020E012F982E3D
:10854000F303575012300140982EFEC9516F0B5C57
:108550008E0E3B6F57580230212E9501456F2A8DA4
:10856000D27FCB7F132F02303F50D27FA80E0E2F29
:10857000C06F535402005154420E10305952023011
:10858000012F002E032D504242421230D27F80B282
:10859000032F0030212E8001122D012EC9000280F0
:1085A000052E8001113091280040252E8001100EEB
:1085B000052F012E7F010190012F982EF303002E2D
:1085C000A0410190A67F902EE3B4012E950100A852
:1085D000902EE3B45B549580824080B202402D8C93
:1085E0003F52967F902EC2B3290E762F012EC900DE
:1085F000004081284552B330982E0FCA5D54807FC9
:10860000002EA140727F82808240607F982EFEC93A
:108610001025982E74C0626F05308740C0910430D9
:10862000052F052E830180B21430002F0430052E53
:10863000C900736F8140E2406904110FE1401630B8
:10864000FE29CB40022F836F830F222F4756130F33
:108650001230772F4954420E1230732F00910A2F97
:10866000012E8B0119A802306C2F6350002E174287
:108670000542682C12300B25080F5030022F212E96
:108680008301032D4030212E83012B2E85015A2C8E
:10869000123000912B25042F635002301742172C03
:1086A0000242982EFEC91025982E74C0052EC900CE
:1086B00081845B308240372E8301020E072F5F5288
:1086C000403062404140910E012F212E8301053040
:1086D0002B2E85011230362C16301525817F982ED1
:1086E000FEC91025982E74C019A21630152F052E1C
:1086F0009701806F820E052F012E86010628212EFC
:1087000086010B2D032E87015F544E289142002EC7
:108710008240900E012F212E88010230132C05304B
:10872000C06F081CA80F163005305B50092F02805F
:108730002D2E820105420580002E02423E80002E31
:1087400006420230906F3E88014004414C280142AD
:10875000078010252440004000A8F5222329444228
:108760007A827E884340044100ABF523DF284342F0
:10877000D9A0142F0090022FD26F81B2052F63541D
:10878000062890428542092C02305B500380292E36
:108790007E012B2E8201054212302B2E8301458251
:1087A000002E40407A8202A0082F63503B301542D1
:1087B00005423780372E7E0105421230012EC90056
:1087C000028C404084417A8C040F032F012E8B01D0
:1087D00019A4042F2B2E8201982EF30312308190BE
:1087E0006152082F65426542438039848288054280
:1087F000454285420543002E80410090902EE1B411
:108800006554C16F804000B243586950442F555C95
:10881000B7878C0F0D2E9601C440362F41568B0E14
:108820002A2F0B52A10E0A2F052E8F011425982EE8
:10883000FEC94B54020F695005306554152F032EA5
:108840008E014D5C8E0F3A2F052E8F01982EFEC99A
:108850004F54820F053069506554302F6D521530DA
:10886000428C454204302B2C84436B52428C002EA8
:1088700085431530242C45428E0F202F0D2E8E015E
:10888000B10E1C2F232E8E011A2D0E0E172FA10FA5
:10889000152F232E8D01132D982E74C04354C20E14
:1088A0000A2F655004800B3006820B4279804140CC
:1088B0001230252E8C0101420530695065548482A6
:1088C0004384BE8C8440864126299442BE8ED57F47
:1088D00019A143400B2E8C018440C7415D292729F3
:1088E00045428442C27F012FC0B31D2F052E940143
:1088F00099A0012F80B3132F80B3182FC0B3162F68
:1089000012400140927F982E74C0926F100F203059
:10891000032F1030212E7E010A2D212E7E01072DDE
:108920002030212E7E01032D1030212E7E01C26FBA
:10893000012EC900BC84028082400040900ED56F99
:10894000022F1530982EF30341910530072F675001
:108950003D802B2E8F0105420480002E0542022C03
:1089600000300030A26F988A864080A7052F982E8D
:10897000F303C030212E950106251A25E26F768279
:1089800096405643510EFB2FBB6F305FB82E012E21
:10899000B8000131410840B22050F2300208FB7F9C
:1089A0000130102F052ECC008190E07F032F232E65
:1089B000CC00982E55B6982E1DB51025FB6FE06F94
:1089C000E05F802E95CF982E95CF1030212ECC00D1
:1089D000FB6FE05FB82E00510558EB7F2A258952C6
:1089E0006F5A895013410640B3011642CB16064018
:1089F000F3021342650EF52F054014302C29044272
:108A000008A10030902E52B6B388B08AB684A47FF5
:108A1000C47FB57FD57F927F73300430554042408C
:108A20008A17F3086B01900253B84B82ADBE717F79
:108A3000450A0954847F982ED9C0A36F7B54D04235
:108A4000A37FF27F607F2025716F755A7758795C1C
:108A50007556982E67CCB16F626F5042B17FB330BC
:108A60001025982E0FCA846F2029716F926FA56F01
:108A700076826A0E73300030D02FD26FD17FB47FF0
:108A8000982E2BB715BD0BB8020AC26FC07F982E67
:108A90002BB715BD0BB8420AC06F081741188916CD
:108AA000E118D018A17F27251625982E79C08B5460
:108AB000907FB330824080900D2F7D52926F982E20
:108AC0000FCAB26F900E062F8B501430426F516F49
:108AD000144212420142002E316F982E74C0416F31
:108AE000807F982E74C0826F10044352010F052EB0
:108AF000CB0000300430212F516F43588C0E0430CE
:108B00001C2F8588416F04418C0F0430162F8488F8
:108B1000002E044104058C0E04300F2F8288316F23
:108B2000044104058C0E0430082F8388002E044174
:108B30008C0F0430022F212EAD0114300091142F20
:108B4000032EA10141900E2F032EAD0114304C28AD
:108B5000232EAD0146A0062F81848D52488282408B
:108B6000212EA10142425C2C0230052EAA0180B2C6
:108B70000230552F032EA901926FB330982E0FCAE1
:108B8000B26F900F003002304A2FA26F87529100CF
:108B90008552510E022F002E432C0230C26F7F529D
:108BA000910E02303C2F516F8154982EFEC9102532
:108BB000B3302125982E0FCA326FC07FB3301225F3
:108BC000982E0FCA426FB07FB3301225982E0FCA6D
:108BD000B26F90288352982EFEC9C26F900F00305A
:108BE00002301D2F052EA10180B212300F2F426FCF
:108BF000032EAB01910E0230122F526F032EAC01E7
:108C0000910F02300C2F212EAA010A2C1230032EB4
:108C1000CB008D580889414011430043252EA10106
:108C2000D46F8F5200433A89002E10431043610ED7
:108C3000FB2F032EA001111A022F0225212EA001C5
:108C4000EB6F005FB82E91521030023095565242B1
:108C50004B0EFC2F8D5488829356804253424042E3
:108C600042868354C02EC242002EA352005152406D
:108C700047401A25012E97008FBE7286FB7F0B306E
:108C80007CBFA5501008DFBA7088F8BFCB42D37FF5
:108C90006CBBFCBBC50A907F1B7F0B43C0B2E57F5A
:108CA000B77FA67FC47F902E1CB7072ED200C0B21C
:108CB0000B2F9752012ECD00827F982EBBCC0B300C
:108CC000372ED200826F906F1A2500B28B7F142F3F
:108CD000A6BD25BDB6B92FB980B2D4B00C2F99541A
:108CE0009B560B300B2EB100A1589B42DB426C0906
:108CF0002B2EB1008B42CB42867F7384A756C308CC
:108D000039520550727F637F982EC2C0E16F626F47
:108D1000D10A012ECD00D56FC46F726F97529D5C42
:108D2000982E06CD236F906F9952C0B204BD544067
:108D3000AFB94540E17F0230062FC0B20230032FA9
:108D40009B5C12309443854303BF6FBB80B3202FDD
:108D5000066F2601166F6E034542C090292ECE0085
:108D60009B52142F9B5C002E93418641E304AE0777
:108D700080AB042F80910A2F866F730F072F836FAC
:108D8000C0B2042F544245421230042C1130022C40
:108D90001130113002BC0FB8D27F00B20A2F012E61
:108DA000FC00052EC701101A022F212EC701032D2A
:108DB000022C01300130B06F982E95CFD16FA06F8B
:108DC000982E95CFE26F9F52012ECE0082405042E6
:108DD0000C2C42421130232ED2000130B06F982E5D
:108DE00095CFA06F0130982E95CF002EFB6F005FBE
:108DF000B82E838601300030944024180600530EAC
:108E00004F02F92FB82EA952002E604041400DBCF0
:108E100098BCC02E010A0FB8AB52533C52404040A0
:108E20004B00821626B901B84140100897B80108D6
:108E3000C02E11300108438625400440D8BE2C0BBB
:108E40002211544203804B0EF62FB82E9F50105023
:108E5000AD52052ED300FB7F002E13409342410EEE
:108E6000FB2F982EA5B7982E87CF012ED90000B2E0
:108E7000FB6F0B2F012E69F7B13F01080130F05F46
:108E8000232ED900212E69F7802E7AB7F05FB82EF5
:108E9000012EC0F8032EFCF51554AF5682080B2E98
:108EA00069F7CB0AB1588090DDBE4C085FB95922F2
:108EB0008090072F0334C308F23A0A080235C090A5
:108EC0004A0A4822C02E232EFCF51050FB7F982E14
:108ED00056C7982E49C31030FB6FF05F212ECC008F
:108EE000212ECA00B82E032ED30016B802344A0C25
:108EF000212E2DF5C02E232ED30003BC212ED5000C
:108F0000032ED50040B21030212E77000130052FFE
:108F1000052ED8008090012F232E6FF5C02E212E14
:108F2000D90011308108012E6AF7713F23BD010875
:108F3000020AC02E212E6AF730250030212E5AF564
:108F40001050212E7B00212E7C00FB7F982EC3B772
:108F50004030212ED400FB6FF05F0325802EAFB789
:108F6000802E00C1802E00C1802E00C1802E00C145
:108F7000802E00C1802E00C1802E00C1802E00C135
:108F8000802E00C1802E00C1802E00C1802E00C125
:108F9000802E00C1802E00C1802E00C1012E5DF701
:108FA00008BC80AC0EBB022F003041048206C0A476
:108FB0000030112F40A9032F40910D2F00A70B2F38
:108FC00080B3B358022F90A1261320238090103035
:108FD000012FCC0E002F0030B82EB550180808BC59
:108FE00088B60D17C6BD56BCB758DABA04011D0ABB
:108FF0001050053032254503FB7FF6302125982E91
:1090000037CA16B59ABC06B880A8410A0E2F8090C0
:10901000022F2D50480F092FBFA0042FBF90062FFD
:10902000B754CA0F032F002E022CB7522D52F23321
:10903000982ED9C0FB6FF137C02E0108F05FBF56E4
:10904000B954D040C4400B2EFDF3BF52904294421D
:1090500095420530C1500F88064004419642C542F2
:1090600048BE73300D2ED8004FBA8442034281B3FC
:10907000022F2B2E6FF5062D052E77F7BD56930880
:10908000252E77F7BB54252EC2F5072EFDF342306F
:10909000B433DA0A4C00272EFDF34340D43FDC08FA
:1090A0004342002E002E43402430DC0A4342048019
:1090B000032EFDF34A0A232EFDF36134C02E014234
:1090C000002E60501A257A86E07FF37F0325C35275
:1090D0004184DB7F3330982E16C21A257D82F06FD3
:1090E000E26F322516409440260185408E17C44217
:1090F0006E039542410EF42FDB6FA05FB82EB05186
:10910000FB7F982EE80D5A25982E0F0ECB583287EC
:10911000C47F65896B8DC55A657FE17F837FA67F9C
:10912000747FD07FB67F947F1730C752C954517F68
:10913000002E856F427F002E5141458142411340F0
:109140003B8A00404B04D006C0AC857F022F023022
:109150005104D306418405305D02C916DF08D300EF
:109160008D02AFBCB1B9590A656F1143A1B4524128
:1091700053410143347F657F2631E56FD46F982ECC
:1091800037CA326F756F83404241237F127FF630BA
:1091900040255125982E37CA146F2005706F256F12
:1091A0006907A26F316F0B3004429B428B425542DC
:1091B000327F40A9C36F717F0230D040C37F032F3D
:1091C0004091152F00A7132F00A4112F84BD982EB6
:1091D00079CA556FB75454418200F33F4541CB02E1
:1091E000F630982E37CA356FA46F4143032C0043E5
:1091F000A46F356F1730426F516F93404282004128
:10920000C3000343517F002E944041414C02C46F80
:10921000D156630E746F5143A57F8A2F092ED80053
:1092200001B3212FCB58906F1341B66FE47F002E0E
:109230009141144092411540172E6FF5B67FD07FB3
:10924000CB7F982E000C0715C26F140B292E6FF5DB
:10925000C3A3C18FE46FD06FE62F1430052E6FF5D6
:10926000140B292E6FF5182DCD560432B56F1C0145
:1092700051415241C340B57FE47F982E1F0CE46FEB
:10928000218700430432CF545A0EEF2F1554092E74
:1092900077F7220B292E77F7FB6F505EB82E105010
:1092A000012ED40000B2FB7F512F01B2482F02B231
:1092B000422F0390562FD75279804240818400403C
:1092C0004242982E930CD954D750A14098BD824069
:1092D0003E82DA0A44408B16E3005342002E43409C
:1092E0009A025242002E414015544A0E3A2F3A82B9
:1092F00000304140212E850F40B20A2F982EB10C2C
:10930000982E450E982E5B0EFB6FF05F0030802E7E
:10931000CEB7DD52D35442424F847330DB52834286
:109320001B306B422330272ED700372ED400212E3E
:10933000D6007A84172C42423030212ED400122DD0
:1093400021300030232ED400212E7BF70B2D173037
:10935000982E510CD5500C8272302F2ED400252E11
:109360007BF74042002EFB6FF05FB82E70500A254D
:109370003986FB7FE1326230982EC2C4B556A56FA4
:10938000AB08916F4B08DF56C46F23094DBA93BCED
:109390008C0BD16F0B09CB52E15E5642AF094DBA2F
:1093A00023BD940AE56F68BBEB08BDB963BEFB6FD4
:1093B0005242E30AC02E4342905FD150032E25F360
:1093C000134000409BBC9BB408BDB8B998BCDA0AF6
:1093D00008B68916C02E190062021050FB7F982E25
:1093E000810D012ED40031300804FB6F0130F05F95
:1093F000232ED600212ED700B82E012ED700032E03
:10940000D600480E012F802E1F0EB82EE3502134B7
:1094100001428230C132252E62F501002230014026
:109420004A0A0142B82EE354F03B8340D808E55283
:109430008342003083305042C432272E64F59400BA
:1094400050424042D33F84407D82E3084042834201
:10945000B82EDD52003040427C86B952092E700F82
:10946000BF54C442D3865440554094428542212E75
:10947000D7004240252EFDF3C0427E82052E7D009E
:1094800080B2142F052E890027BD2FB98090022F9E
:10949000212E6FF50C2D072E710F14301C09052E8F
:1094A00077F7BD5647BE9308940A252E77F7E75401
:1094B00050424A0EFC2FB82E505002304386E550E1
:1094C000FB7FE37FD27FC07FB17F002E4140004011
:1094D0004804982E74C01EAAD36F1430B16FE322D3
:1094E000C06F5240E46F4C0E1242D37FEB2F032E1D
:1094F000860F40901130032F232E860F022C003050
:10950000D06FFB6FB05FB82E4050F17F0A253C86CC
:10951000EB7F41332230982EC2C4D36FF430DC0984
:109520004758C26F9409EB586ABBDC08B4B9B1BDA7
:10953000E95A950821BDF6BF770B51BEF16FEB6F6D
:1095400052425442C02E4342C05F5050F550313019
:109550001142FB7F7B300B421130028023330142EA
:109560000300072E8003052ED3002352E27FD37F12
:10957000C07F982EB60ED16F080A1A257B86D07F41
:1095800001331230982EC2C4D16F080A00B20D2FD9
:10959000E36F012E80035130C786232E21F208BCD1
:1095A000C042982EA5B7002E002ED02EB06F0BB85B
:1095B000032E1B00081AB07F7030042F212E21F2D9
:1095C000002E002ED02E982E6DC0982E5DC0ED502E
:1095D000982E44CBEF50982E46C3F150982E53C787
:1095E0003550982E64CF1030982EDC032026C06FA3
:1095F00002311242AB330B42378001300142F33764
:10960000F752FB504440A20A42428B31092E5EF7CA
:10961000F954E30883421B4223334B00BC840B40C4
:10962000333083420B42E07FD17F982E58B7D16F01
:10963000803040420330E06FF3540430002E002E9F
:109640000189620EFA2F43421130FB6FC02E014296
:10965000B05FC14A00006D570000778E0000E0FF48
:10966000FFFFD3FFFFFFE5FFFFFFEEE1FFFF7C13EE
:10967000000046E6FFFF00000000000000000000C0
:1096800000000000000000000000000000000000DA
:1096900000000000000000000000000000000000CA
:1096A00000000000000000000000000000000000BA
:1096B000802E00C1802E00C1802E00C1802E00C1EE
:1096C000802E00C1802E00C1802E00C1802E00C1DE
:1096D000802E00C1802E00C1802E00C1802E00C1CE
:1096E000802E00C1802E00C1802E00C1802E00C1BE
:1096F000802E00C1802E00C1802E00C1802E00C1AE
:10970000802E00C1802E00C1802E00C1802E00C19D
:10971000802E00C1802E00C1802E00C1802E00C18D
:10972000802E00C1802E00C1802E00C1802E00C17D
:10973000802E00C1802E00C1802E00C1802E00C16D
:10974000802E00C1802E00C1802E00C1802E00C15D
:10975000802E00C1802E00C1802E00C1802E00C14D
:10976000802E00C1802E00C1802E00C1802E00C13D
:10977000802E00C1802E00C1802E00C1802E00C12D
:10978000802E00C1802E00C1802E00C1802E00C11D
:10979000802E00C1802E00C1802E00C12F01002428
:1097A00001022A01032B01032601042201052C01D9
:1097B0000509010604010C0502000302041D030053
:1097C000060602070602080602130606140700072B
:1097D000000008000413000609000829000C2700F7
:1097E0000E28000E02030405060708090A0B0C0DDB
:1097F0000E0F1010E9989FE58897E5B7B2E6BBA178
:10980000EFBC8CE697A0E6B395E585A5E9989FEFB8
:10981000BC8100003898000800000020B80000005B
:10982000846E0008F0980008B8000020B0270000FF
:10983000946E000800000000000000000000803F5F
:109840000000803F00000000000000000000000059
:109850000000000000000300000000000000000005
:1098600000000000000000000000000000000000F8
:10987000000054429A99193FB81E053E00000000AE
:1098800000000000000000000000000000000000D8
:1098900000000000000054429A99193FB81E053E8E
:1098A00001000000100000000000804533338341B8
:1098B00000000000000000000000000000000000A8
:1098C00000000000F0A7C63D17B7D1380AD7A33C67
:1098D000BC7493BD0024F4000301070206020804CF
:1098E00013101408044005200101000000000000CE
:04000005080000ED02
:00000001FF
